,Id,Area,Bedrooms,Bathrooms,Floors,YearBuilt,Price,Location_Rural,Location_Suburban,Location_Urban,Condition_Fair,Condition_Good,Condition_Poor,Garage_Yes
0,1,1360,5,4,3,1970,149919,0,0,0,0,0,0,0
1,2,4272,5,4,3,1958,424998,0,0,0,0,0,0,0
2,3,3592,2,2,3,1938,266746,0,0,0,0,1,0,0
3,4,966,4,2,2,1902,244020,0,1,0,1,0,0,1
4,5,4926,1,4,2,1975,636056,0,0,0,1,0,0,1
5,6,3944,1,2,1,1906,93262,0,0,1,0,0,1,0
6,7,3671,1,1,2,1948,448722,1,0,0,0,0,1,1
7,8,3419,2,4,1,1925,594893,0,1,0,0,1,0,1
8,9,630,2,2,1,1932,652878,1,0,0,0,0,1,1
9,10,2185,3,3,1,2000,340375,0,0,0,0,0,1,0
10,11,1269,1,4,2,1947,653685,0,1,0,0,0,1,1
11,12,2891,4,4,3,1978,127123,0,0,1,0,0,0,1
12,13,2933,4,3,2,1901,849947,0,0,0,0,0,1,0
13,14,1684,1,1,1,2004,399355,1,0,0,0,1,0,0
14,15,3885,1,3,1,1970,481838,0,0,1,1,0,0,1
15,16,4617,1,4,2,1931,853032,0,0,0,0,0,1,0
16,17,3404,2,1,1,1903,208964,0,0,1,1,0,0,1
17,18,974,2,2,1,1919,905742,0,0,0,0,0,1,1
18,19,1582,2,2,2,2013,989305,0,1,0,0,1,0,0
19,20,3058,5,2,2,2016,218767,0,0,0,0,0,0,0
20,21,2547,4,4,2,1935,996357,0,1,0,0,1,0,1
21,22,3247,4,3,1,1931,709789,0,0,0,0,0,0,0
22,23,1475,3,1,1,1927,709966,0,0,0,0,0,1,0
23,24,2306,2,2,3,1976,447694,1,0,0,0,0,1,1
24,25,689,5,1,3,1900,688668,0,0,1,0,0,0,1
25,26,3234,5,4,2,1959,527032,0,0,1,0,1,0,1
26,27,3505,4,2,3,1955,745494,0,0,1,0,1,0,1
27,28,2399,2,4,1,1934,513179,0,0,0,0,0,0,1
28,29,1767,3,3,3,2011,948212,0,0,0,0,0,1,1
29,30,2028,2,4,1,1929,206547,0,0,0,0,0,0,0
30,31,3702,1,4,2,1953,902609,0,1,0,0,0,1,0
31,32,4056,2,3,2,1935,727090,0,1,0,0,0,0,1
32,33,4390,1,1,1,2020,202185,1,0,0,0,0,1,0
33,34,1146,1,3,3,1954,725371,0,0,0,0,0,0,0
34,35,3388,3,3,2,1988,105746,0,0,1,1,0,0,1
35,36,2935,4,4,2,1979,959507,0,0,1,0,0,1,0
36,37,1100,2,1,3,1957,748213,1,0,0,0,1,0,0
37,38,2863,1,2,3,1982,921627,0,0,1,0,0,0,1
38,39,2561,2,3,1,1964,873250,1,0,0,0,1,0,0
39,40,741,4,1,3,1968,218393,0,0,0,0,0,0,0
40,41,2541,4,3,3,1950,333453,0,0,1,0,1,0,1
41,42,3324,5,3,3,1921,986192,0,0,0,0,1,0,0
42,43,3112,4,3,1,1987,340320,0,1,0,0,0,0,0
43,44,1863,3,3,1,2006,643167,0,0,1,0,0,0,0
44,45,1978,1,4,2,2008,641880,0,1,0,0,1,0,1
45,46,3056,5,1,1,2015,396872,0,0,1,0,1,0,1
46,47,1275,3,1,2,2000,270084,0,0,0,0,1,0,0
47,48,4514,2,1,3,1952,976920,1,0,0,0,0,1,0
48,49,534,1,3,2,1999,771782,0,0,0,0,0,1,1
49,50,3652,4,4,2,1935,845016,0,0,0,1,0,0,1
50,51,2455,1,3,3,1967,698843,0,0,0,0,0,1,0
51,52,2085,2,3,2,1935,405446,0,0,1,0,0,1,1
52,53,4443,5,1,1,1951,958840,1,0,0,0,0,0,0
53,54,3573,5,3,1,1952,593118,0,1,0,1,0,0,0
54,55,1521,5,2,1,1981,266897,0,0,0,1,0,0,1
55,56,3961,4,3,1,1949,826522,0,0,1,0,0,1,1
56,57,3113,3,2,2,1979,913498,0,1,0,0,0,0,0
57,58,4343,3,3,2,1940,840023,0,0,0,0,0,0,0
58,59,2000,1,4,3,1917,143878,0,1,0,1,0,0,1
59,60,661,4,4,2,1921,175407,0,0,0,0,0,0,0
60,61,4797,5,1,2,1965,691157,0,1,0,0,1,0,1
61,62,2481,5,3,2,1920,307716,0,1,0,0,0,1,1
62,63,1495,2,2,3,1999,857827,1,0,0,0,1,0,1
63,64,3842,2,2,1,1943,66738,1,0,0,1,0,0,1
64,65,4298,5,3,2,2002,183703,0,0,0,1,0,0,1
65,66,1775,5,2,3,1946,723265,0,0,1,0,0,0,0
66,67,1516,4,4,3,1938,593344,1,0,0,0,0,0,1
67,68,837,3,2,3,1928,815034,0,1,0,1,0,0,1
68,69,1378,2,1,1,1953,560241,1,0,0,1,0,0,1
69,70,1576,3,4,2,1989,433800,1,0,0,0,1,0,1
70,71,4493,4,4,3,1984,689604,0,0,0,0,1,0,1
71,72,879,5,4,1,1916,740807,1,0,0,0,0,0,1
72,73,992,3,3,3,1979,628706,1,0,0,0,1,0,1
73,74,2562,5,3,3,1959,873622,0,1,0,0,0,0,0
74,75,4384,5,4,3,1930,76014,1,0,0,0,0,0,0
75,76,564,1,3,3,2014,778359,0,1,0,0,0,1,0
76,77,3068,3,2,3,1972,813277,1,0,0,0,0,0,0
77,78,2527,3,3,1,1994,231350,1,0,0,0,1,0,1
78,79,3195,5,3,2,1977,961995,0,0,1,1,0,0,0
79,80,1995,4,4,2,1948,838212,1,0,0,1,0,0,1
80,81,891,1,1,2,2000,534859,0,1,0,0,1,0,0
81,82,4974,5,1,2,1901,764618,0,1,0,1,0,0,0
82,83,4061,2,1,1,2015,540339,0,0,0,0,0,0,1
83,84,2778,2,2,1,1947,92192,0,0,0,1,0,0,1
84,85,3599,1,3,1,2009,941307,0,0,1,0,1,0,0
85,86,700,4,1,3,1913,411273,0,1,0,1,0,0,0
86,87,3604,5,4,3,1958,93923,0,1,0,0,0,0,0
87,88,2954,3,1,3,1996,663484,0,1,0,0,0,0,0
88,89,4145,1,1,2,1998,576683,0,0,1,0,1,0,1
89,90,1304,4,3,3,1957,414593,0,1,0,0,1,0,0
90,91,3231,3,3,2,2002,433891,0,0,0,0,1,0,0
91,92,3273,2,3,3,1957,802744,0,0,1,0,0,1,0
92,93,2070,2,2,2,2010,458995,0,0,0,0,0,1,0
93,94,3190,3,2,3,1950,645316,0,0,0,0,0,0,0
94,95,4340,1,1,3,1983,997226,0,0,1,0,0,1,1
95,96,1528,2,3,1,1901,450327,1,0,0,0,0,1,1
96,97,1002,5,1,3,2014,816751,1,0,0,1,0,0,1
97,98,4993,3,4,3,1940,715344,0,0,0,0,0,1,1
98,99,1370,3,4,1,1982,929608,1,0,0,1,0,0,1
99,100,4988,2,3,2,2022,777688,0,1,0,0,1,0,0
100,101,706,1,3,1,2000,305315,0,0,1,1,0,0,1
101,102,1984,5,4,1,1981,339068,0,0,0,1,0,0,1
102,103,1363,1,3,2,1915,495919,0,1,0,0,1,0,0
103,104,3290,4,2,3,1903,344721,1,0,0,0,1,0,1
104,105,1063,4,2,2,1911,188783,0,1,0,0,0,0,1
105,106,4691,2,3,3,1928,659836,1,0,0,0,0,0,1
106,107,2257,2,4,3,1906,307288,0,0,0,0,0,0,1
107,108,2178,2,1,2,1913,543085,0,1,0,0,0,0,0
108,109,3742,4,3,1,2018,545187,0,0,1,1,0,0,0
109,110,1559,1,3,2,1911,699381,0,0,0,1,0,0,1
110,111,2222,1,1,3,1998,285835,0,1,0,0,0,0,0
111,112,3814,2,3,2,1904,971600,0,1,0,0,0,1,1
112,113,3657,5,1,2,1980,902987,1,0,0,0,0,0,0
113,114,3125,1,4,3,2021,401992,0,0,0,0,0,1,0
114,115,3229,4,2,1,2005,256084,0,0,0,0,1,0,0
115,116,2097,3,4,2,1931,844686,0,0,0,1,0,0,0
116,117,3560,3,2,3,1973,437554,0,0,0,1,0,0,0
117,118,3193,3,1,3,1942,803315,1,0,0,0,0,1,0
118,119,4127,5,2,2,1980,520336,0,0,1,0,0,0,0
119,120,1863,2,4,1,1968,973469,0,0,0,1,0,0,0
120,121,2481,4,2,2,1944,258072,1,0,0,0,0,1,0
121,122,2163,5,1,1,2005,298029,0,0,1,0,1,0,0
122,123,2029,4,2,1,1908,259047,0,0,1,0,1,0,0
123,124,2538,4,3,1,1948,415169,1,0,0,1,0,0,1
124,125,3802,2,4,1,1932,180509,0,0,0,0,0,0,0
125,126,2737,3,3,2,1999,812072,0,0,1,0,0,1,1
126,127,1806,2,1,3,1999,345107,0,0,0,1,0,0,0
127,128,4529,5,2,3,1917,577561,0,0,0,0,1,0,1
128,129,3175,5,3,3,1908,589618,0,1,0,0,0,0,1
129,130,1782,5,3,3,1961,202566,0,0,0,0,0,1,1
130,131,1209,2,2,3,1956,650710,0,1,0,1,0,0,0
131,132,4913,4,2,3,1928,958521,0,0,1,0,0,1,0
132,133,4248,4,4,2,2013,53212,1,0,0,0,0,0,0
133,134,1163,1,3,1,1977,282131,0,1,0,0,0,0,0
134,135,2498,5,3,3,1924,526657,1,0,0,0,1,0,1
135,136,3945,4,1,2,1914,661882,0,0,1,0,0,0,0
136,137,4243,1,4,3,1905,182152,0,0,0,1,0,0,0
137,138,1995,4,1,3,2019,344819,0,0,1,0,0,1,0
138,139,3804,5,3,1,1941,72007,1,0,0,0,0,0,0
139,140,4263,3,1,1,1928,688093,0,0,1,0,0,0,0
140,141,2353,5,3,1,1978,394785,0,0,0,1,0,0,0
141,142,1791,2,3,3,1992,670103,0,0,1,0,0,1,0
142,143,4081,4,1,3,1903,883247,0,0,0,0,0,1,0
143,144,3957,4,1,3,1981,919914,0,1,0,0,1,0,1
144,145,2136,2,2,1,2013,837071,1,0,0,0,1,0,1
145,146,4196,2,2,2,1956,375737,0,0,0,0,0,1,0
146,147,3499,3,2,3,1948,562164,0,0,0,1,0,0,0
147,148,3652,4,3,3,1943,128038,0,0,1,1,0,0,0
148,149,1198,4,1,3,2002,406043,0,1,0,0,1,0,0
149,150,2660,3,4,2,1979,840168,0,0,0,0,0,0,1
150,151,4597,1,3,3,1974,827794,0,1,0,1,0,0,1
151,152,1354,3,4,2,1913,66473,0,1,0,0,0,0,0
152,153,3974,5,1,3,1902,703059,0,0,1,1,0,0,1
153,154,2207,4,3,2,2014,175801,0,0,0,0,0,1,1
154,155,3277,2,4,3,2013,944030,0,0,1,0,1,0,0
155,156,2233,5,4,1,1961,660911,1,0,0,0,0,0,0
156,157,4010,4,2,1,2005,558252,1,0,0,0,0,0,0
157,158,702,3,2,1,1963,275097,0,0,0,0,0,1,1
158,159,3755,5,2,1,2001,348964,0,1,0,1,0,0,1
159,160,4718,4,3,3,1944,265933,0,0,0,0,0,0,0
160,161,4996,1,1,1,2005,369733,0,0,0,1,0,0,0
161,162,1266,1,1,2,1981,771167,1,0,0,0,0,1,1
162,163,4889,2,2,1,1957,330558,1,0,0,0,1,0,1
163,164,2827,4,2,1,1919,439522,0,1,0,0,0,0,0
164,165,3431,1,2,1,1957,74220,0,1,0,1,0,0,1
165,166,697,3,4,3,2011,634819,0,0,0,0,0,0,0
166,167,2430,4,2,1,1988,422146,0,0,1,1,0,0,0
167,168,4082,3,4,2,1956,557409,0,0,0,1,0,0,1
168,169,1108,3,1,1,2001,747785,0,1,0,1,0,0,1
169,170,3772,1,3,1,1976,59387,0,0,1,0,0,1,1
170,171,1647,4,3,1,1967,295752,1,0,0,0,1,0,0
171,172,4782,5,3,2,2018,651103,0,1,0,0,0,0,0
172,173,3897,1,3,1,1977,601872,0,1,0,0,1,0,0
173,174,3011,1,4,2,1996,619071,0,0,1,1,0,0,0
174,175,2294,4,4,2,1991,745169,0,1,0,1,0,0,0
175,176,1159,4,2,1,1951,759687,0,1,0,0,1,0,0
176,177,3311,3,4,2,1936,698782,0,1,0,0,1,0,1
177,178,1869,4,2,3,1907,690102,0,1,0,0,0,0,0
178,179,2486,3,2,1,1943,300139,0,1,0,1,0,0,0
179,180,646,1,3,1,1997,967184,0,1,0,0,1,0,0
180,181,3719,2,4,2,2007,550228,0,1,0,0,0,1,0
181,182,3411,5,4,2,1904,716217,0,1,0,1,0,0,1
182,183,2234,1,2,1,2017,747621,1,0,0,1,0,0,0
183,184,2343,4,2,3,1968,910020,0,1,0,0,0,0,1
184,185,988,5,1,2,1930,984499,1,0,0,0,0,1,1
185,186,3476,2,1,2,1944,296509,1,0,0,0,0,0,0
186,187,2459,2,2,3,1908,63580,0,0,0,0,0,1,0
187,188,2885,3,1,3,2005,592528,0,0,0,0,0,0,1
188,189,3419,5,1,1,1931,828639,1,0,0,0,0,1,1
189,190,2302,3,2,3,1932,395590,1,0,0,0,0,1,0
190,191,4561,1,2,1,1966,518968,0,1,0,0,0,1,1
191,192,3869,5,4,3,1929,940965,0,0,0,0,1,0,0
192,193,762,1,2,2,2013,828559,0,0,1,1,0,0,0
193,194,1123,3,2,1,1975,533663,0,0,0,0,0,1,1
194,195,1516,5,3,1,1928,478082,1,0,0,0,1,0,0
195,196,4143,3,4,1,1902,655262,1,0,0,0,1,0,0
196,197,2549,5,4,3,1989,647689,0,1,0,0,0,0,0
197,198,4223,3,4,2,1956,263165,0,1,0,1,0,0,1
198,199,3608,2,3,1,1929,455427,0,0,0,1,0,0,1
199,200,4590,3,2,1,1908,502201,0,1,0,0,0,0,1
200,201,2556,2,4,1,1925,214340,0,0,1,1,0,0,0
201,202,3670,3,4,1,1901,840078,0,0,1,0,0,0,1
202,203,2182,5,1,2,1961,760731,0,1,0,0,1,0,1
203,204,2755,5,4,3,1902,822411,0,0,1,0,1,0,1
204,205,1654,5,2,2,1945,354960,0,0,1,0,0,1,0
205,206,4999,4,2,1,1967,139460,0,0,0,0,0,0,0
206,207,3691,1,1,2,1924,356256,0,0,1,0,1,0,1
207,208,2196,5,4,1,1950,101048,1,0,0,0,1,0,1
208,209,4491,2,4,3,1912,780806,1,0,0,0,0,0,1
209,210,2148,5,4,3,2002,182850,0,0,0,0,1,0,0
210,211,1945,4,3,3,1943,882184,0,1,0,1,0,0,1
211,212,4699,2,4,1,1934,528193,0,0,0,0,1,0,0
212,213,4423,4,2,2,1954,907158,0,1,0,0,0,0,0
213,214,753,2,2,3,1986,786200,0,1,0,1,0,0,0
214,215,3683,3,3,1,1908,994793,0,1,0,1,0,0,1
215,216,3057,1,3,1,1901,356932,0,1,0,0,1,0,1
216,217,598,1,4,2,1960,316891,0,1,0,0,0,1,0
217,218,2700,4,1,3,2017,574333,0,0,0,1,0,0,0
218,219,3461,1,3,1,1940,582046,0,1,0,0,0,0,0
219,220,4933,4,3,2,1943,829685,0,0,1,0,0,1,0
220,221,4277,4,4,3,1963,961508,0,0,1,0,0,1,1
221,222,3369,4,4,2,1930,728797,0,1,0,1,0,0,1
222,223,3734,1,3,2,2007,724945,0,0,1,0,1,0,0
223,224,4291,4,1,1,1946,190926,1,0,0,0,0,1,0
224,225,1456,1,3,1,1901,233148,0,0,0,0,1,0,0
225,226,4567,4,4,1,1995,893382,0,0,0,1,0,0,1
226,227,660,5,4,2,1981,722709,0,1,0,0,0,0,0
227,228,4993,4,3,1,1976,801588,0,1,0,0,0,1,1
228,229,1800,2,1,2,2009,726708,1,0,0,0,0,0,0
229,230,4487,4,3,2,1968,215368,0,1,0,0,1,0,1
230,231,2027,3,3,1,1957,544496,0,0,1,0,1,0,1
231,232,1718,4,4,3,2005,69455,1,0,0,0,0,0,0
232,233,4996,2,1,3,1943,784184,0,0,1,1,0,0,1
233,234,3604,2,2,3,1973,515139,0,0,0,1,0,0,1
234,235,3235,1,1,2,1955,281897,0,0,1,0,0,1,1
235,236,1454,5,3,2,1942,482509,0,0,0,0,0,1,1
236,237,3946,4,3,2,1988,542646,0,0,1,1,0,0,0
237,238,1545,1,3,1,1933,662840,0,0,0,1,0,0,0
238,239,2193,5,1,2,2000,882548,0,1,0,0,0,0,0
239,240,3936,4,4,1,1929,432605,0,0,1,0,1,0,0
240,241,1062,3,3,1,1970,614772,0,0,0,0,1,0,0
241,242,2985,4,3,3,1969,997719,0,0,1,0,0,1,1
242,243,3854,2,1,3,2017,393782,1,0,0,1,0,0,1
243,244,725,2,2,3,1954,708764,0,1,0,0,0,0,1
244,245,1459,3,2,1,1966,218332,0,0,0,0,0,1,1
245,246,3567,1,4,1,1912,150647,1,0,0,0,0,0,0
246,247,1315,5,4,1,1902,639930,0,0,1,1,0,0,0
247,248,3620,4,3,2,1925,786091,1,0,0,1,0,0,1
248,249,516,2,1,1,1956,882441,0,0,1,1,0,0,0
249,250,1743,1,3,3,1923,178824,0,1,0,0,1,0,1
250,251,2705,3,4,3,1952,823202,1,0,0,1,0,0,1
251,252,3024,2,1,1,1969,866037,0,1,0,0,0,1,0
252,253,1569,3,1,1,1942,685167,0,0,0,0,1,0,0
253,254,3944,4,4,3,1959,695115,0,0,1,0,0,0,0
254,255,3065,5,2,1,1957,317724,0,0,1,0,0,1,0
255,256,1560,2,2,3,1948,951334,0,1,0,0,0,1,0
256,257,2827,2,1,2,1941,317544,0,1,0,0,0,0,0
257,258,3920,4,3,3,1975,745003,0,0,0,0,1,0,0
258,259,801,1,2,2,2012,801545,1,0,0,0,0,1,1
259,260,4776,5,3,1,1999,932464,0,0,1,0,0,1,0
260,261,1106,2,2,1,1965,177319,0,0,1,0,0,1,1
261,262,3670,5,2,2,1910,562193,0,0,0,0,1,0,1
262,263,1199,2,3,1,2002,529389,0,0,0,0,1,0,0
263,264,1639,5,4,2,1997,156960,0,1,0,0,1,0,1
264,265,690,3,2,1,1989,89015,0,1,0,0,0,1,0
265,266,2800,2,2,3,1917,383857,1,0,0,1,0,0,1
266,267,1480,5,3,1,1984,778165,0,0,0,0,0,0,1
267,268,3475,1,4,3,1999,982478,1,0,0,1,0,0,1
268,269,1684,3,2,3,2003,195109,0,0,0,0,1,0,0
269,270,3827,3,2,2,1951,527508,0,0,1,0,0,1,1
270,271,3894,1,4,1,1945,836351,0,0,0,0,0,1,1
271,272,627,5,2,2,1943,983671,0,0,0,1,0,0,1
272,273,2565,4,4,1,1921,138754,0,0,1,1,0,0,0
273,274,2316,1,4,3,1952,271775,0,0,0,0,0,0,1
274,275,1069,5,3,3,1958,355292,1,0,0,0,0,1,0
275,276,2395,1,1,1,1993,777513,0,1,0,1,0,0,1
276,277,3233,1,4,1,2013,726894,0,1,0,0,0,0,1
277,278,4363,2,3,2,2006,796355,1,0,0,0,1,0,1
278,279,4514,5,1,1,2023,959222,0,0,1,1,0,0,0
279,280,3401,4,2,1,1929,922510,0,0,0,0,1,0,1
280,281,2186,2,1,1,1907,106879,1,0,0,0,0,0,1
281,282,3509,1,4,2,1997,169894,0,1,0,0,1,0,1
282,283,654,1,4,1,1956,640127,0,1,0,0,0,1,1
283,284,3037,1,4,3,2010,79756,1,0,0,0,0,1,0
284,285,1909,5,4,2,1972,718043,0,1,0,0,1,0,1
285,286,4557,5,4,2,2014,230557,1,0,0,0,0,1,1
286,287,1284,2,3,3,1919,279303,0,1,0,0,0,0,1
287,288,3675,4,4,3,2003,454241,1,0,0,0,0,1,1
288,289,4841,2,3,3,1924,724075,0,0,0,0,1,0,0
289,290,3306,3,2,1,1918,541599,0,0,0,0,1,0,1
290,291,1037,1,4,3,1904,545283,0,0,0,0,1,0,1
291,292,2341,1,4,1,1974,667231,0,0,0,1,0,0,0
292,293,2955,1,1,2,1978,792476,0,1,0,0,1,0,1
293,294,1024,2,2,2,1971,198188,0,0,1,0,0,0,1
294,295,3450,2,4,3,1982,611032,1,0,0,0,0,1,1
295,296,4631,1,4,1,1986,174697,0,0,1,0,0,1,0
296,297,4615,2,2,3,1926,530795,0,1,0,1,0,0,1
297,298,2868,5,3,3,1939,690360,0,1,0,1,0,0,0
298,299,4347,5,4,1,1995,445340,0,0,1,0,0,0,0
299,300,4995,2,1,3,1925,286028,0,0,1,0,1,0,0
300,301,3201,1,4,2,1926,743411,0,1,0,1,0,0,0
301,302,1471,2,1,3,1961,57176,0,1,0,0,0,1,0
302,303,1666,2,1,1,1982,927742,1,0,0,1,0,0,0
303,304,3274,2,4,1,1949,826653,0,0,0,1,0,0,0
304,305,2482,3,4,2,1941,508034,0,0,0,0,1,0,1
305,306,1353,5,1,1,1928,563611,1,0,0,1,0,0,1
306,307,4646,4,2,1,1938,199748,0,0,1,0,0,0,0
307,308,4236,4,2,2,1959,95177,0,1,0,0,0,1,0
308,309,4269,3,4,3,1940,533512,0,0,1,0,1,0,0
309,310,1074,2,3,2,1932,160623,0,0,0,0,0,1,0
310,311,3761,3,2,3,1982,575285,0,0,0,0,0,0,0
311,312,1648,3,4,2,2000,502546,0,0,1,0,0,0,0
312,313,2215,1,2,3,1982,546184,0,0,0,1,0,0,1
313,314,4354,5,3,2,1996,694467,0,1,0,1,0,0,1
314,315,2991,4,4,3,2010,297439,1,0,0,1,0,0,0
315,316,3160,2,3,2,1915,694691,0,0,1,0,0,1,0
316,317,3624,4,4,3,1922,978735,0,1,0,0,0,0,0
317,318,3551,4,3,2,1906,145287,0,1,0,0,1,0,1
318,319,504,5,2,1,1925,169574,0,0,0,1,0,0,0
319,320,1376,4,2,3,1995,830751,0,1,0,0,0,1,1
320,321,1491,4,3,2,1911,171509,0,0,1,1,0,0,1
321,322,4642,3,3,3,1971,397591,0,1,0,0,0,0,1
322,323,4864,5,3,3,1904,945954,1,0,0,0,1,0,0
323,324,4965,1,4,2,2005,499181,0,1,0,0,0,0,0
324,325,1135,2,2,3,1991,393288,0,1,0,0,0,1,1
325,326,2193,4,4,2,2016,822793,1,0,0,1,0,0,1
326,327,2182,2,2,1,1968,242589,0,1,0,0,0,0,1
327,328,619,1,1,3,1948,929125,0,1,0,0,0,1,1
328,329,1330,2,4,1,1925,406459,0,0,0,1,0,0,0
329,330,4175,1,2,3,1904,538720,0,0,1,0,1,0,1
330,331,1869,3,2,3,1921,863819,0,0,0,0,0,0,0
331,332,1240,4,4,3,1978,54090,0,0,1,1,0,0,1
332,333,616,1,4,2,1912,957278,1,0,0,1,0,0,0
333,334,3338,2,2,1,1927,468161,1,0,0,1,0,0,1
334,335,1650,4,4,3,1932,876671,1,0,0,1,0,0,0
335,336,2431,3,3,2,2006,53743,0,0,1,0,0,0,0
336,337,1512,4,4,3,1922,80924,0,0,1,1,0,0,0
337,338,2164,1,4,2,1996,191268,0,0,1,0,0,1,1
338,339,1581,3,4,3,2006,966592,1,0,0,0,0,0,0
339,340,1012,2,2,1,1917,928247,0,0,1,1,0,0,1
340,341,3349,3,3,1,2013,679600,0,1,0,0,0,0,0
341,342,1059,3,1,3,2016,381004,0,0,0,0,0,1,0
342,343,4172,5,1,2,1929,790537,1,0,0,0,0,1,1
343,344,3843,3,3,3,1925,798378,0,0,0,0,0,0,0
344,345,4570,3,3,2,1915,279602,0,1,0,1,0,0,0
345,346,1970,4,3,3,1976,392543,0,0,1,1,0,0,1
346,347,1080,2,2,2,1938,885227,0,0,0,0,0,1,0
347,348,2794,4,1,1,1932,887985,0,1,0,1,0,0,0
348,349,3647,4,3,3,1925,558928,0,1,0,0,0,1,0
349,350,4749,1,2,1,1947,153976,0,0,0,1,0,0,0
350,351,2179,4,1,1,1964,205183,1,0,0,0,0,1,1
351,352,4006,5,4,3,2012,687854,0,0,0,0,1,0,0
352,353,3244,5,2,3,1937,307443,1,0,0,1,0,0,0
353,354,3856,1,1,2,1901,694256,0,0,1,1,0,0,0
354,355,4545,2,2,2,2012,111600,1,0,0,1,0,0,0
355,356,1743,2,1,1,1905,624310,0,0,1,0,0,0,0
356,357,3618,4,1,2,1945,708559,0,0,0,1,0,0,0
357,358,2641,4,4,2,1949,887329,0,0,1,0,0,0,0
358,359,3559,4,2,3,1937,874470,0,1,0,0,0,0,0
359,360,3459,2,3,2,2005,173323,0,0,1,0,0,1,1
360,361,2765,3,4,1,1987,236110,1,0,0,0,0,0,1
361,362,2979,5,4,2,1917,694566,1,0,0,0,0,0,1
362,363,2135,3,1,1,1926,947486,1,0,0,0,1,0,1
363,364,2257,3,3,3,1940,320041,0,0,1,1,0,0,0
364,365,4952,2,2,1,1971,638829,1,0,0,0,0,0,0
365,366,2570,3,3,2,1991,156968,1,0,0,1,0,0,1
366,367,3349,1,3,3,1973,589180,0,1,0,0,0,0,1
367,368,3751,4,3,2,1916,975775,0,0,1,0,0,1,1
368,369,4230,1,3,3,2018,74815,0,1,0,0,1,0,0
369,370,2989,5,3,3,1961,882044,1,0,0,0,0,0,0
370,371,2131,4,1,2,1928,476573,1,0,0,1,0,0,1
371,372,3316,3,1,2,1957,518304,1,0,0,0,0,1,1
372,373,1515,5,4,3,1969,852699,0,0,1,1,0,0,1
373,374,1848,4,1,3,1977,854700,0,0,0,0,0,1,1
374,375,3587,3,4,2,1921,688751,1,0,0,0,1,0,1
375,376,3339,1,4,1,2017,981767,1,0,0,0,0,1,0
376,377,835,4,2,2,1905,514151,1,0,0,1,0,0,1
377,378,1395,3,3,3,1925,931779,1,0,0,1,0,0,0
378,379,4046,1,1,2,1938,240732,0,0,1,0,0,0,1
379,380,1351,5,2,1,1911,246599,0,0,0,0,0,1,1
380,381,2187,5,1,2,1998,244451,0,0,0,1,0,0,0
381,382,2431,5,4,3,1913,406686,0,0,0,0,0,0,1
382,383,4246,5,1,2,1921,746631,1,0,0,0,1,0,0
383,384,2927,2,3,3,1950,378756,1,0,0,1,0,0,0
384,385,2068,4,4,3,1922,188307,0,0,0,0,0,0,1
385,386,4500,4,4,2,1947,138757,0,0,0,1,0,0,1
386,387,3238,2,2,3,1970,459633,1,0,0,0,0,1,0
387,388,3998,3,3,3,2003,934507,1,0,0,0,0,0,0
388,389,4413,3,4,1,1949,346753,0,1,0,0,0,1,1
389,390,1566,5,3,1,1988,939217,0,1,0,0,1,0,0
390,391,4880,1,1,1,1912,304200,0,1,0,0,0,1,1
391,392,2944,3,3,1,1984,597933,0,0,0,0,0,0,0
392,393,4607,1,4,3,2004,506089,0,0,1,1,0,0,1
393,394,3873,4,2,2,1909,769918,1,0,0,0,0,0,0
394,395,4469,1,4,3,2016,374377,0,1,0,0,0,1,0
395,396,3046,4,3,3,1954,423587,0,0,1,0,0,1,1
396,397,1253,2,3,3,2022,204473,1,0,0,1,0,0,0
397,398,2582,2,4,2,1908,844203,0,0,1,0,1,0,0
398,399,3274,5,3,1,1978,517667,0,0,0,0,0,0,0
399,400,3396,3,1,3,1951,522650,0,0,0,1,0,0,0
400,401,4685,5,4,3,1901,510665,0,0,0,1,0,0,0
401,402,1275,4,2,1,1924,414745,0,1,0,1,0,0,0
402,403,2125,5,4,3,1912,535820,1,0,0,0,0,0,0
403,404,3569,1,1,2,1997,445158,0,0,0,0,0,0,1
404,405,917,4,1,3,1950,725748,0,1,0,0,0,0,0
405,406,614,2,1,3,1957,961656,0,1,0,0,1,0,0
406,407,1116,3,1,1,1933,657539,0,1,0,1,0,0,1
407,408,4474,4,1,3,1934,631330,0,1,0,0,0,1,0
408,409,3767,4,2,3,2001,890172,0,0,0,0,0,1,0
409,410,1325,1,3,2,1902,246945,0,1,0,1,0,0,1
410,411,2016,3,1,1,2005,621312,0,0,0,0,0,1,0
411,412,3646,2,1,1,2019,728810,0,0,0,0,1,0,0
412,413,912,4,4,2,1958,631253,0,1,0,0,1,0,1
413,414,1228,4,2,3,1969,322201,0,0,0,0,0,0,1
414,415,3848,1,2,1,2018,798609,1,0,0,0,0,0,0
415,416,3308,5,3,1,1947,845415,1,0,0,0,0,0,0
416,417,1175,2,2,3,1963,442613,0,0,1,0,0,0,1
417,418,3965,3,4,3,2012,594283,1,0,0,0,0,0,0
418,419,3004,4,4,1,1918,164587,0,0,0,0,0,1,1
419,420,3467,4,3,3,1966,283076,0,0,0,0,0,1,1
420,421,3286,2,4,1,1981,796988,1,0,0,0,0,0,1
421,422,1622,5,1,3,2002,520897,0,1,0,0,1,0,0
422,423,4579,4,1,3,1972,88886,0,1,0,0,0,1,1
423,424,2071,2,4,2,2015,401169,0,0,0,0,1,0,1
424,425,2643,1,3,3,1975,539788,0,1,0,0,1,0,1
425,426,2187,5,2,2,1904,145149,0,0,1,1,0,0,0
426,427,4632,3,3,3,1966,668308,0,0,1,1,0,0,0
427,428,4351,4,2,1,1910,576961,1,0,0,0,0,0,0
428,429,3940,2,4,1,2020,913945,1,0,0,0,1,0,1
429,430,4266,1,4,3,1993,73466,0,1,0,0,0,1,0
430,431,2826,3,1,3,1967,287626,0,0,0,1,0,0,0
431,432,3414,2,2,1,1968,928977,1,0,0,1,0,0,1
432,433,4452,2,3,3,1900,559966,0,0,1,0,1,0,1
433,434,1095,3,4,2,1990,624694,1,0,0,1,0,0,0
434,435,1228,1,3,2,1991,446904,1,0,0,1,0,0,0
435,436,1865,1,1,2,1962,643572,0,0,1,0,0,1,1
436,437,4992,5,2,2,1928,810006,0,0,0,0,1,0,0
437,438,1198,4,2,2,1981,951011,1,0,0,1,0,0,1
438,439,895,3,4,3,1911,587953,1,0,0,0,1,0,1
439,440,4671,3,2,3,1976,594929,1,0,0,1,0,0,0
440,441,4860,3,4,2,1940,475716,0,1,0,0,0,1,0
441,442,3002,1,1,3,1901,610085,1,0,0,0,1,0,0
442,443,2319,4,2,3,1936,790126,0,0,1,1,0,0,0
443,444,1217,5,4,2,1944,358094,0,0,0,0,0,1,1
444,445,3282,2,3,3,1979,992550,0,0,0,1,0,0,0
445,446,4077,2,4,3,1947,965986,0,0,1,0,1,0,0
446,447,643,3,2,3,1923,676627,0,1,0,1,0,0,0
447,448,3640,4,1,2,1998,687719,0,0,1,0,1,0,1
448,449,4991,1,2,3,1921,282275,0,0,0,0,1,0,0
449,450,3438,4,2,1,1999,452854,0,0,1,1,0,0,0
450,451,4136,4,4,1,1910,857605,0,1,0,0,0,1,1
451,452,3722,1,3,2,2018,718582,0,0,0,0,0,0,1
452,453,1667,3,2,1,1957,231136,0,1,0,0,0,1,1
453,454,3116,4,3,2,1945,218082,0,0,1,0,0,1,1
454,455,1562,2,4,1,1928,303301,1,0,0,1,0,0,1
455,456,2656,1,3,1,1934,592383,0,0,1,0,0,1,0
456,457,3482,5,4,1,2011,173554,0,1,0,0,0,1,1
457,458,3794,3,1,2,2017,444655,0,0,1,0,0,0,1
458,459,1656,1,3,2,1914,962046,1,0,0,0,0,1,1
459,460,1232,5,3,3,1959,809277,0,1,0,0,0,0,1
460,461,4830,5,1,2,1994,528766,0,0,1,1,0,0,1
461,462,1453,4,3,1,1941,972879,0,1,0,0,0,0,1
462,463,3039,4,1,1,2004,663311,0,1,0,0,1,0,1
463,464,3824,4,2,2,1942,681469,0,0,0,0,1,0,1
464,465,3801,1,4,2,1979,272310,0,0,0,0,0,0,0
465,466,2042,1,1,2,1973,857032,0,1,0,0,1,0,0
466,467,1691,3,3,3,1948,838898,0,0,1,1,0,0,0
467,468,3493,4,1,1,1963,830637,0,0,1,0,1,0,1
468,469,3181,5,3,3,1931,549344,0,0,1,0,0,0,1
469,470,1717,2,2,3,1963,750457,1,0,0,1,0,0,1
470,471,2040,3,1,1,2014,946366,0,1,0,0,1,0,0
471,472,3736,1,2,1,1901,627564,0,1,0,1,0,0,1
472,473,2886,3,4,2,1923,493333,1,0,0,0,0,0,1
473,474,4219,3,3,2,1986,490187,0,1,0,0,1,0,1
474,475,1888,3,3,3,1965,319072,0,1,0,1,0,0,0
475,476,2356,3,2,2,1937,891741,1,0,0,1,0,0,0
476,477,1865,2,4,2,1930,255719,0,0,0,0,1,0,1
477,478,999,4,1,1,2014,746248,0,1,0,1,0,0,0
478,479,2180,5,1,1,2003,800385,1,0,0,1,0,0,1
479,480,1010,3,3,2,1925,749192,0,0,1,0,0,0,1
480,481,4812,3,2,1,1928,166196,0,0,0,0,0,0,0
481,482,1824,3,2,2,1966,59404,0,0,1,0,0,0,0
482,483,1655,4,1,1,2021,476855,0,1,0,0,0,0,0
483,484,2327,1,4,1,1977,783478,0,0,0,0,0,0,0
484,485,3641,1,4,1,1924,503814,1,0,0,0,0,0,1
485,486,3986,2,1,1,1947,687475,0,1,0,0,1,0,1
486,487,2310,1,1,2,1964,946881,1,0,0,0,0,0,0
487,488,3423,3,2,3,1952,601972,0,0,0,1,0,0,0
488,489,2714,3,4,1,1966,642879,0,0,1,0,1,0,1
489,490,4686,3,1,2,2017,431965,0,1,0,1,0,0,1
490,491,1213,2,1,2,1989,783082,0,1,0,0,0,0,1
491,492,4102,3,3,1,1917,314826,1,0,0,0,0,0,1
492,493,4634,1,1,3,1908,161186,0,0,0,1,0,0,0
493,494,4022,4,1,1,1937,817469,1,0,0,1,0,0,0
494,495,4768,4,4,2,1986,596120,0,0,0,1,0,0,0
495,496,1743,5,2,3,1920,591285,0,1,0,0,0,1,1
496,497,4209,1,4,2,2020,346784,0,0,0,0,0,1,1
497,498,1581,3,2,1,1964,520098,0,1,0,0,0,1,0
498,499,955,4,3,3,1920,90491,0,0,0,0,0,1,0
499,500,1394,1,1,2,1926,113043,0,0,1,0,1,0,0
500,501,1884,4,3,2,2005,948607,0,0,0,0,0,0,1
501,502,2458,3,2,2,2022,178568,0,0,1,1,0,0,0
502,503,3572,4,4,1,1969,426394,0,0,0,0,0,0,1
503,504,2496,5,4,3,2018,647013,0,0,0,1,0,0,0
504,505,4785,5,3,1,1943,178131,1,0,0,0,0,0,0
505,506,1004,4,2,1,1999,95520,1,0,0,0,1,0,0
506,507,1714,1,3,1,1927,375063,0,1,0,0,0,1,1
507,508,2031,1,3,3,1944,684157,1,0,0,0,0,0,1
508,509,3940,1,1,1,1916,638730,0,0,0,1,0,0,1
509,510,1323,4,3,1,2022,835313,1,0,0,0,0,0,1
510,511,1428,1,1,1,1939,202842,0,0,0,0,1,0,1
511,512,633,3,1,1,2021,417390,0,0,1,0,1,0,1
512,513,2605,5,4,2,2015,752858,0,0,0,0,0,0,0
513,514,4127,3,1,1,1902,421831,0,1,0,0,0,1,1
514,515,2352,1,1,2,1975,572485,0,0,1,1,0,0,0
515,516,4675,3,4,1,2002,697735,0,1,0,0,1,0,1
516,517,3433,1,3,3,1975,635765,0,1,0,0,1,0,0
517,518,3784,4,2,2,1965,574532,0,1,0,0,0,0,0
518,519,4798,3,2,2,2019,915885,1,0,0,0,1,0,1
519,520,3311,4,2,2,1945,500953,0,1,0,0,1,0,0
520,521,1750,4,3,2,1985,227561,0,0,1,1,0,0,1
521,522,4012,2,1,3,1986,964394,0,0,0,0,0,1,1
522,523,1756,1,2,1,1929,907735,0,1,0,1,0,0,1
523,524,3876,5,3,2,1968,340534,0,0,1,0,0,1,1
524,525,3986,1,1,3,1908,584535,0,1,0,1,0,0,0
525,526,4084,5,4,2,1984,250123,0,0,0,0,0,0,1
526,527,1896,1,2,1,1910,765079,0,0,1,0,1,0,0
527,528,4137,4,1,2,1968,477894,0,0,1,0,0,1,0
528,529,3830,3,2,3,1998,531018,0,0,0,0,0,0,0
529,530,3203,3,2,1,1990,257358,0,0,1,0,1,0,1
530,531,970,2,2,3,2012,866015,0,0,0,0,1,0,0
531,532,1853,5,1,1,1965,566456,0,0,1,0,1,0,1
532,533,3283,5,3,1,1987,189148,0,0,1,1,0,0,0
533,534,3331,5,1,1,1930,985510,0,0,0,0,0,0,1
534,535,857,4,2,2,1932,196123,0,0,0,0,0,0,1
535,536,3519,5,1,3,1938,447530,0,0,1,0,1,0,1
536,537,1167,3,4,3,1993,602958,0,0,1,0,0,1,1
537,538,4968,4,3,3,1945,543973,0,0,0,0,0,0,0
538,539,1645,1,1,1,1936,961352,1,0,0,1,0,0,0
539,540,4685,5,4,2,2014,60236,0,0,0,0,0,1,1
540,541,4219,5,3,1,1991,85568,0,0,1,0,0,1,0
541,542,3245,1,4,3,1959,681615,0,0,1,0,0,1,1
542,543,1039,5,3,2,1930,305745,0,0,1,0,0,1,1
543,544,3279,1,1,2,1910,422332,0,0,0,0,0,0,0
544,545,4636,4,4,2,1986,535119,0,0,1,0,1,0,1
545,546,4275,3,2,3,2020,328496,1,0,0,0,0,1,1
546,547,3008,1,4,2,1901,700009,0,1,0,1,0,0,1
547,548,3279,2,3,2,2003,309291,1,0,0,1,0,0,1
548,549,1424,1,1,1,2004,488866,0,0,0,0,1,0,1
549,550,3456,5,3,1,1926,453562,0,0,1,0,0,0,0
550,551,2081,4,4,2,1998,730516,0,0,0,0,1,0,0
551,552,3824,4,4,2,1901,105904,0,1,0,0,0,1,0
552,553,4985,1,2,1,2002,981539,0,0,0,0,0,0,1
553,554,755,3,1,1,2000,958573,0,0,1,0,0,0,1
554,555,2338,2,1,1,1920,328252,0,1,0,0,0,1,1
555,556,2444,4,4,3,1957,572247,0,1,0,1,0,0,1
556,557,509,5,1,3,1904,839285,0,0,1,0,0,1,1
557,558,3371,5,2,1,1951,396300,0,0,1,0,1,0,1
558,559,1297,3,3,2,1944,316320,0,0,1,0,0,1,0
559,560,1515,4,1,1,1984,674747,0,0,0,1,0,0,1
560,561,2324,1,4,3,1992,469136,1,0,0,0,0,1,0
561,562,4969,5,3,2,1919,235922,0,0,0,0,1,0,1
562,563,3636,3,3,3,1960,187901,0,0,0,0,1,0,0
563,564,2693,4,2,2,1937,173225,1,0,0,1,0,0,1
564,565,723,4,4,3,1919,543406,0,0,1,0,1,0,0
565,566,4658,4,1,2,2013,810135,0,0,1,0,1,0,0
566,567,4425,4,4,2,1924,271738,1,0,0,0,0,1,1
567,568,4500,4,3,2,1901,954890,1,0,0,0,0,0,1
568,569,2133,5,4,2,2020,685181,0,0,0,0,1,0,0
569,570,2652,3,1,3,1931,910359,0,1,0,0,1,0,1
570,571,1010,4,1,3,1925,528076,1,0,0,1,0,0,1
571,572,884,2,2,2,1969,954610,0,0,0,1,0,0,1
572,573,904,2,1,2,1940,292726,0,1,0,0,0,1,0
573,574,2500,3,1,3,2020,352811,0,0,1,0,0,1,1
574,575,3256,1,4,2,1966,771202,0,0,1,0,1,0,0
575,576,2168,1,4,2,1996,479059,0,0,0,0,0,0,0
576,577,1960,1,3,2,1900,756168,0,0,0,0,0,0,1
577,578,4136,2,2,1,1950,473759,1,0,0,0,0,1,0
578,579,3224,1,4,2,1904,515996,0,0,1,1,0,0,1
579,580,4678,5,1,1,1912,56611,0,0,0,0,1,0,1
580,581,2548,4,3,2,1918,400386,0,0,1,0,1,0,0
581,582,4646,2,4,3,1911,921044,0,0,1,0,0,0,0
582,583,1216,3,2,1,1947,883334,1,0,0,0,0,1,0
583,584,2323,3,2,1,1924,821812,0,1,0,0,0,0,0
584,585,2581,4,3,2,1956,345187,1,0,0,0,0,0,0
585,586,3919,2,3,2,2014,186343,0,0,0,0,0,1,1
586,587,2074,1,3,1,1934,909299,1,0,0,1,0,0,0
587,588,749,1,3,3,1975,389233,1,0,0,0,1,0,1
588,589,1173,5,3,3,1993,895177,0,0,1,1,0,0,1
589,590,2665,5,1,2,1904,540092,1,0,0,0,0,1,0
590,591,1270,1,1,3,1997,240191,0,0,0,0,0,1,0
591,592,4462,3,4,3,1921,716933,0,1,0,0,1,0,0
592,593,4863,3,2,2,2002,726769,1,0,0,1,0,0,0
593,594,2484,5,1,3,1976,922402,1,0,0,0,1,0,0
594,595,1577,4,1,2,1956,336608,0,1,0,0,0,0,1
595,596,735,1,1,1,1946,299220,0,0,0,0,0,0,1
596,597,888,5,4,2,1953,486056,0,0,0,0,0,0,1
597,598,3537,5,3,1,1902,692811,1,0,0,1,0,0,0
598,599,2348,1,4,1,2023,594950,0,0,1,0,0,0,0
599,600,3314,1,2,3,1952,854660,1,0,0,0,1,0,1
600,601,3874,3,2,3,1983,635009,0,1,0,1,0,0,0
601,602,3778,4,2,3,1930,712746,0,1,0,0,1,0,0
602,603,1752,4,2,2,1968,843294,0,1,0,0,0,1,0
603,604,4481,1,1,3,1987,614396,1,0,0,1,0,0,1
604,605,2622,2,1,1,2003,141788,1,0,0,0,1,0,0
605,606,2650,5,4,3,2017,518239,0,0,0,0,1,0,1
606,607,1829,5,3,3,1932,294437,0,0,1,1,0,0,0
607,608,1858,1,2,2,1971,811299,1,0,0,0,0,1,0
608,609,2982,2,4,2,1987,916572,0,0,0,1,0,0,1
609,610,2517,3,1,1,1949,732561,1,0,0,0,0,0,0
610,611,1831,1,1,2,1983,905010,0,0,0,0,0,0,0
611,612,4844,1,3,3,2023,99966,0,0,0,0,0,1,0
612,613,4761,5,3,2,1915,235846,0,0,1,0,1,0,1
613,614,1858,1,3,1,2013,322530,1,0,0,0,1,0,0
614,615,3677,1,4,3,2015,651516,0,0,0,0,1,0,0
615,616,2628,1,1,1,1975,196297,0,1,0,1,0,0,0
616,617,2680,5,1,2,1976,459909,0,1,0,1,0,0,0
617,618,637,3,3,2,2008,384341,0,1,0,0,0,1,0
618,619,3972,3,2,1,2005,93021,0,0,1,0,0,0,1
619,620,3332,1,3,3,1938,431059,0,0,0,0,1,0,1
620,621,4079,5,4,2,1988,199333,0,0,1,0,0,0,0
621,622,3531,3,3,2,1945,470594,1,0,0,1,0,0,0
622,623,4664,3,3,3,1995,953606,1,0,0,1,0,0,1
623,624,3093,3,4,2,1987,826934,0,0,0,1,0,0,0
624,625,4800,5,3,1,2011,136755,0,1,0,0,0,0,0
625,626,4318,5,1,2,1946,979441,0,0,0,0,0,1,0
626,627,4638,1,2,2,1943,116330,0,0,0,0,0,1,0
627,628,4323,4,3,3,1908,752726,0,0,0,1,0,0,0
628,629,4542,3,4,1,2003,908754,0,0,1,0,1,0,0
629,630,2406,4,2,3,2013,938750,1,0,0,0,0,0,0
630,631,1260,5,4,2,1986,619601,0,0,0,1,0,0,0
631,632,3945,5,2,2,1949,284729,0,0,0,0,0,0,1
632,633,1399,5,2,3,1976,807071,0,0,0,0,0,0,1
633,634,4955,4,3,3,1959,339176,0,0,1,0,0,1,0
634,635,3447,5,1,3,2022,535179,0,0,1,1,0,0,0
635,636,2219,1,3,1,1995,198430,0,0,1,0,0,1,0
636,637,780,5,4,2,2013,898142,0,0,0,1,0,0,0
637,638,3766,2,4,3,1914,407470,0,1,0,0,0,0,1
638,639,2387,4,2,2,1935,398301,0,1,0,0,0,1,1
639,640,3766,2,2,1,2012,492037,0,1,0,0,0,0,1
640,641,1166,5,1,1,1962,78365,1,0,0,1,0,0,1
641,642,4688,1,3,1,1968,325333,0,0,0,0,1,0,0
642,643,1171,3,4,1,1985,519965,0,1,0,0,0,1,0
643,644,2469,5,2,2,1979,581536,0,1,0,0,0,1,0
644,645,4656,1,1,1,1940,54369,0,1,0,0,0,0,1
645,646,3622,4,4,1,1973,506979,0,0,0,0,0,0,0
646,647,4400,2,2,3,1923,975554,0,1,0,0,1,0,0
647,648,1023,2,4,1,1981,865037,0,1,0,0,0,1,1
648,649,2893,2,1,3,1948,886048,0,0,0,1,0,0,1
649,650,3617,4,1,1,1917,497695,1,0,0,1,0,0,1
650,651,3093,1,4,1,1906,415863,0,0,1,0,0,1,1
651,652,2468,4,3,3,1903,221955,0,1,0,0,0,1,1
652,653,2253,2,4,1,1989,607343,0,0,1,0,0,1,0
653,654,2796,5,2,2,1968,774091,1,0,0,0,1,0,0
654,655,2761,3,3,2,1959,428824,1,0,0,1,0,0,1
655,656,2786,4,2,1,1954,319594,0,1,0,1,0,0,0
656,657,4702,4,4,2,1915,183997,0,0,0,0,0,0,0
657,658,3378,1,3,3,1998,523267,1,0,0,0,0,0,0
658,659,4643,1,2,1,1989,100272,0,0,1,0,0,1,0
659,660,4144,4,4,1,1981,55310,0,0,1,0,0,0,1
660,661,4932,2,4,3,1928,81817,0,0,1,0,1,0,0
661,662,2555,3,3,3,1922,558350,0,0,1,1,0,0,0
662,663,1776,1,4,3,2016,536160,1,0,0,1,0,0,0
663,664,3266,2,1,1,1913,487744,0,1,0,0,0,0,1
664,665,802,5,2,3,1978,790176,0,1,0,0,0,1,0
665,666,1138,1,2,3,1948,132641,0,0,1,0,0,0,1
666,667,555,2,4,2,1932,789443,0,1,0,0,0,1,1
667,668,1025,2,4,2,1924,781670,0,0,1,0,1,0,1
668,669,4623,3,1,1,1920,589745,0,0,1,1,0,0,1
669,670,2625,3,3,2,1916,92311,0,0,0,0,1,0,0
670,671,3787,5,4,2,1922,971484,1,0,0,1,0,0,1
671,672,864,2,4,3,1956,201958,1,0,0,0,1,0,1
672,673,2146,2,4,3,2006,520328,0,0,1,0,0,0,1
673,674,1418,3,4,2,1980,494093,1,0,0,0,1,0,1
674,675,3297,1,2,2,1957,697861,0,1,0,0,1,0,1
675,676,2031,1,4,2,1913,409571,0,0,1,0,0,0,0
676,677,3845,4,2,1,1992,872613,0,0,0,1,0,0,1
677,678,2406,3,4,1,1919,214334,0,1,0,1,0,0,0
678,679,3586,4,3,1,1929,968451,0,0,0,0,0,0,0
679,680,2575,3,1,2,1918,443238,0,0,0,0,1,0,1
680,681,1213,5,3,2,1952,837560,1,0,0,0,1,0,0
681,682,1562,2,4,1,2002,653810,1,0,0,0,1,0,0
682,683,2476,5,4,1,1955,213394,0,0,1,0,0,1,0
683,684,1796,3,4,2,1976,98929,1,0,0,1,0,0,1
684,685,625,2,3,3,1981,655984,0,0,0,0,1,0,1
685,686,4096,1,4,1,1922,427389,0,0,0,1,0,0,1
686,687,3783,1,3,2,1961,846240,0,1,0,0,1,0,1
687,688,2103,4,2,2,2009,669436,0,0,0,0,0,0,1
688,689,566,3,1,3,1932,496098,0,0,1,0,0,0,1
689,690,732,3,1,2,2002,858157,0,0,1,1,0,0,1
690,691,2656,1,3,2,2003,384678,1,0,0,1,0,0,0
691,692,1669,5,2,1,1917,352094,1,0,0,0,0,0,0
692,693,2658,2,3,1,1972,794314,1,0,0,0,0,1,1
693,694,4706,5,2,3,1932,133576,0,0,1,0,0,0,0
694,695,1993,5,4,3,1931,70557,0,0,0,0,1,0,1
695,696,4507,1,2,2,1960,596113,1,0,0,0,0,1,1
696,697,2972,1,2,1,1953,321142,0,1,0,0,0,0,1
697,698,3160,1,2,3,1916,86080,1,0,0,0,0,1,0
698,699,3239,4,1,3,1918,833103,0,0,1,0,0,1,1
699,700,2261,5,2,3,1990,238869,1,0,0,0,0,1,1
700,701,4014,3,4,2,1969,721162,0,0,0,1,0,0,1
701,702,2475,2,4,1,1998,978671,1,0,0,0,0,0,1
702,703,2862,4,4,3,2019,543844,0,0,1,1,0,0,0
703,704,1376,3,2,1,2000,616695,0,0,1,1,0,0,1
704,705,4312,5,3,3,1933,170283,0,1,0,0,1,0,0
705,706,3948,1,3,3,1983,63338,0,0,1,0,1,0,0
706,707,1812,5,4,1,1924,650577,0,1,0,0,0,1,1
707,708,1960,2,1,1,1967,514736,0,0,0,0,0,1,1
708,709,3209,4,3,1,1973,724255,0,0,1,0,1,0,0
709,710,2824,4,2,2,1973,228982,1,0,0,0,1,0,0
710,711,2233,2,3,3,1987,967461,0,0,0,0,0,0,0
711,712,2105,3,4,2,1984,159367,1,0,0,0,0,1,0
712,713,3063,3,1,1,1910,378042,1,0,0,0,0,1,1
713,714,3921,4,3,3,1990,970958,1,0,0,0,1,0,0
714,715,4017,4,3,2,1915,691774,0,0,0,0,0,0,0
715,716,2897,1,4,3,1989,398684,0,0,0,0,1,0,0
716,717,4235,3,1,2,1960,544775,0,0,1,0,1,0,0
717,718,3370,2,1,1,1993,788497,1,0,0,1,0,0,1
718,719,1660,3,4,2,2012,493853,0,1,0,0,0,1,1
719,720,742,1,2,3,1979,830343,0,0,1,0,0,0,1
720,721,3090,4,3,3,1906,710709,0,0,0,1,0,0,0
721,722,1563,4,2,3,1915,961848,0,1,0,0,0,1,0
722,723,4824,1,3,3,1998,876395,0,0,0,0,1,0,1
723,724,3095,2,3,1,2021,450966,0,1,0,0,0,0,1
724,725,1419,4,2,2,1915,407073,0,0,1,0,0,1,0
725,726,505,5,4,1,1939,727823,0,1,0,0,1,0,1
726,727,967,4,4,1,1911,649223,0,0,1,1,0,0,0
727,728,4670,5,3,1,1934,764152,0,0,0,0,0,0,0
728,729,503,1,4,3,2012,850118,0,1,0,0,0,1,0
729,730,1145,1,3,3,1920,549555,1,0,0,1,0,0,0
730,731,617,4,4,3,1949,113528,1,0,0,0,1,0,0
731,732,3428,3,3,2,1942,674099,0,0,0,0,1,0,0
732,733,3051,5,4,3,1999,558907,0,1,0,0,0,1,1
733,734,4789,2,1,2,2011,334931,1,0,0,0,1,0,1
734,735,1346,4,2,3,1916,982280,0,0,1,0,0,0,1
735,736,3262,2,1,3,1931,427757,0,1,0,0,0,1,0
736,737,1641,4,2,1,1940,762787,0,1,0,1,0,0,1
737,738,2310,3,2,1,1905,834429,1,0,0,0,0,1,0
738,739,1223,3,3,1,1987,154887,0,0,1,0,0,1,0
739,740,724,3,2,2,1926,111086,0,0,1,1,0,0,0
740,741,4708,3,1,2,1919,938663,0,0,1,0,1,0,0
741,742,2548,1,1,3,1924,305494,0,1,0,1,0,0,1
742,743,4915,1,4,2,1965,558889,0,0,0,0,0,0,1
743,744,2073,5,1,3,1908,637596,0,1,0,0,1,0,1
744,745,2328,2,4,2,1991,327941,0,1,0,0,0,1,0
745,746,2417,4,2,2,1952,317446,1,0,0,0,1,0,1
746,747,4734,4,1,2,1960,506388,0,0,0,0,1,0,1
747,748,2526,1,2,1,1937,612347,0,0,1,0,0,0,1
748,749,4244,4,1,2,1902,181980,1,0,0,0,1,0,0
749,750,1401,1,1,1,1983,765612,0,1,0,0,1,0,1
750,751,2539,5,4,1,1969,523875,0,0,0,0,1,0,0
751,752,509,2,2,2,2002,193949,0,0,1,0,0,1,1
752,753,760,5,1,3,1996,326383,0,0,1,0,1,0,0
753,754,2173,3,3,3,1954,77313,0,1,0,1,0,0,1
754,755,2719,3,2,3,1900,92103,0,0,1,0,1,0,1
755,756,2560,3,2,2,2000,229480,0,0,1,0,0,0,1
756,757,4213,5,2,3,1969,526467,0,0,0,0,1,0,0
757,758,2119,4,4,1,1944,138771,1,0,0,0,1,0,1
758,759,820,2,3,3,1997,176228,0,0,0,0,0,1,1
759,760,1842,3,2,2,1946,141665,1,0,0,1,0,0,0
760,761,2876,3,1,3,1978,846966,1,0,0,0,1,0,0
761,762,3332,3,1,1,2008,879492,1,0,0,1,0,0,0
762,763,3324,2,4,2,1925,853621,0,0,1,0,0,0,0
763,764,2494,3,1,3,2020,964863,0,0,0,0,0,1,1
764,765,3458,2,2,2,1913,660355,0,0,1,1,0,0,1
765,766,2538,3,1,2,2021,847399,0,1,0,0,0,1,0
766,767,3990,5,2,2,1953,787351,0,0,0,0,1,0,1
767,768,4177,5,1,3,1970,901995,1,0,0,0,0,0,0
768,769,1618,2,3,2,1945,320804,0,0,1,0,0,1,1
769,770,2104,5,4,3,2021,430815,0,0,1,0,1,0,0
770,771,4527,2,4,1,1930,534091,0,0,0,1,0,0,1
771,772,735,5,3,3,1987,179909,0,0,0,0,0,0,0
772,773,2469,5,3,1,1958,483039,1,0,0,0,0,0,0
773,774,4929,2,4,3,1994,499058,1,0,0,1,0,0,1
774,775,2408,4,3,2,1928,190688,0,1,0,1,0,0,1
775,776,875,5,2,3,2005,125976,1,0,0,0,0,0,1
776,777,4030,3,1,2,1995,807496,0,0,1,0,0,1,0
777,778,3135,4,4,1,1916,229810,0,1,0,0,0,0,1
778,779,2070,2,3,3,1913,325251,0,1,0,1,0,0,0
779,780,3060,4,2,2,2003,766764,0,1,0,0,0,1,1
780,781,3891,1,4,1,1935,668470,0,0,0,0,1,0,1
781,782,3465,1,3,1,1957,817441,1,0,0,0,0,0,0
782,783,4143,5,4,3,2011,928219,0,1,0,1,0,0,0
783,784,4350,5,3,1,1923,852386,0,0,0,0,1,0,1
784,785,1372,3,4,2,2008,329087,0,0,0,0,0,0,0
785,786,1752,4,2,1,1962,90725,0,1,0,0,0,0,0
786,787,1814,1,2,1,2017,881866,0,1,0,0,0,1,1
787,788,3398,5,1,2,1990,922183,0,0,1,1,0,0,0
788,789,577,4,4,1,1924,584398,0,1,0,0,1,0,1
789,790,3121,5,1,1,1958,548864,0,0,1,0,0,0,1
790,791,4727,5,4,1,1931,328606,0,1,0,0,0,1,0
791,792,1100,1,3,1,2015,391376,0,1,0,0,1,0,1
792,793,1565,1,3,2,1981,759441,1,0,0,0,1,0,0
793,794,2636,5,1,1,2009,496015,0,1,0,0,0,0,1
794,795,2949,2,4,2,1917,640855,0,1,0,0,1,0,0
795,796,2843,5,1,1,1936,532517,0,0,1,0,0,0,0
796,797,2363,5,2,1,1925,756584,0,0,1,0,0,1,0
797,798,1818,3,1,1,1908,439569,1,0,0,0,0,1,0
798,799,4097,3,1,1,2023,892495,0,1,0,0,1,0,0
799,800,4262,3,3,2,1998,163394,0,1,0,0,0,0,1
800,801,2690,2,1,2,1963,891672,0,0,1,1,0,0,1
801,802,1492,2,4,2,1971,917784,0,0,0,0,0,1,0
802,803,3212,5,3,3,1919,198940,0,0,0,0,0,0,1
803,804,2692,3,1,1,1953,393133,0,0,0,0,0,0,0
804,805,1748,2,2,1,2005,72222,0,0,1,0,0,0,0
805,806,3554,1,1,2,1985,129794,0,0,1,0,1,0,1
806,807,4533,5,1,3,1982,638212,0,0,0,1,0,0,1
807,808,2497,4,1,1,1929,674142,0,0,0,0,1,0,0
808,809,4187,5,3,2,1952,914945,0,1,0,0,0,1,0
809,810,2651,4,4,1,1991,834326,0,0,1,0,1,0,0
810,811,4518,3,2,1,1998,891081,0,0,1,0,0,0,0
811,812,3610,4,1,2,2006,415130,0,0,0,0,1,0,0
812,813,2470,3,4,2,1962,818103,0,0,0,0,0,0,0
813,814,697,1,4,1,1910,920181,1,0,0,1,0,0,1
814,815,3126,4,3,1,1930,283127,0,0,1,0,1,0,0
815,816,1702,5,2,2,1948,554434,1,0,0,0,1,0,0
816,817,2535,3,3,1,2011,191295,0,1,0,0,1,0,1
817,818,977,5,4,1,2002,229238,1,0,0,0,0,0,0
818,819,1754,2,4,2,1999,89369,0,0,0,0,0,0,0
819,820,1422,3,4,1,1993,922811,0,0,1,0,1,0,1
820,821,919,4,3,1,1986,905824,0,0,1,0,1,0,0
821,822,2704,3,2,3,1918,849093,1,0,0,1,0,0,1
822,823,3097,5,1,2,1911,720951,1,0,0,1,0,0,0
823,824,1620,1,3,3,1914,383862,0,1,0,0,0,1,1
824,825,3568,3,4,3,1930,760595,0,1,0,1,0,0,1
825,826,1450,4,3,3,1942,320114,0,0,0,1,0,0,1
826,827,2836,2,4,1,2000,97922,0,0,0,1,0,0,0
827,828,2743,1,1,1,1936,543614,0,0,0,0,0,0,0
828,829,3145,2,1,3,1978,867187,1,0,0,1,0,0,1
829,830,2357,3,2,3,1928,695214,1,0,0,1,0,0,1
830,831,2365,5,4,3,2013,69416,0,0,1,0,1,0,0
831,832,3412,5,2,1,2006,63672,0,0,0,0,0,0,0
832,833,3353,4,2,3,1925,526684,1,0,0,0,0,1,0
833,834,3728,5,1,3,2007,178145,0,0,1,0,0,1,0
834,835,4219,1,3,2,1901,752356,0,0,0,1,0,0,0
835,836,3728,5,3,2,1983,910527,0,1,0,0,0,1,1
836,837,2871,4,2,1,1914,50064,0,1,0,0,0,1,0
837,838,3391,3,1,2,2015,118835,1,0,0,0,0,1,1
838,839,4256,3,4,2,1903,251457,0,0,1,1,0,0,0
839,840,4725,5,3,2,1985,973143,0,1,0,0,0,1,1
840,841,594,2,2,1,1949,297795,0,0,1,1,0,0,1
841,842,3174,3,3,2,1937,454271,0,0,1,0,1,0,0
842,843,2455,5,3,1,1922,399738,0,1,0,0,1,0,1
843,844,1293,4,4,3,1958,996931,0,0,1,0,0,1,1
844,845,2334,5,1,2,1989,691204,0,1,0,0,1,0,1
845,846,2616,3,4,1,2014,956740,1,0,0,1,0,0,1
846,847,4606,4,1,2,1974,918948,0,0,0,0,1,0,0
847,848,3825,5,3,3,1927,901098,0,0,0,0,0,1,1
848,849,3419,1,2,1,2019,245346,1,0,0,1,0,0,0
849,850,3097,4,4,1,1965,954726,0,1,0,0,0,0,1
850,851,3705,1,1,1,2022,323010,0,1,0,1,0,0,0
851,852,1314,2,3,3,1907,53889,0,1,0,0,1,0,0
852,853,845,4,1,3,1928,168194,0,1,0,0,0,0,0
853,854,2849,1,1,3,1910,174714,1,0,0,1,0,0,1
854,855,862,3,1,1,2000,605623,0,0,0,0,0,0,0
855,856,2943,3,3,3,1917,100547,0,0,1,0,0,0,0
856,857,2765,2,2,2,1954,207234,0,0,1,0,0,0,1
857,858,2688,4,2,3,1949,794809,0,0,0,1,0,0,0
858,859,3505,4,2,1,1913,730047,1,0,0,0,1,0,1
859,860,3781,4,1,2,2017,935188,0,0,1,1,0,0,1
860,861,1484,2,3,3,1973,323139,0,0,0,0,1,0,0
861,862,2139,4,1,2,1998,499704,1,0,0,1,0,0,1
862,863,1327,3,2,2,1908,52631,0,0,1,1,0,0,1
863,864,3230,1,2,1,1998,187039,0,1,0,1,0,0,1
864,865,4031,3,3,2,1910,924726,0,1,0,0,1,0,0
865,866,4951,3,1,2,1962,399422,1,0,0,1,0,0,1
866,867,3435,1,4,1,2007,638759,0,1,0,0,0,0,1
867,868,4376,3,4,1,1975,349260,1,0,0,1,0,0,1
868,869,626,2,2,1,1966,928548,0,0,0,0,0,0,0
869,870,3677,1,3,2,1952,477443,0,0,0,0,0,1,1
870,871,3556,3,1,2,1938,707302,0,0,1,0,0,1,0
871,872,1103,5,1,2,1977,621952,1,0,0,0,1,0,1
872,873,3949,3,2,1,1955,733429,0,0,1,0,1,0,0
873,874,4646,2,2,3,1927,137342,0,0,1,0,0,1,0
874,875,4033,4,1,2,1974,64407,0,0,0,1,0,0,0
875,876,3867,3,1,3,1938,163926,0,0,1,1,0,0,1
876,877,3868,4,2,1,1924,371345,0,1,0,1,0,0,1
877,878,4297,5,1,2,1920,916525,0,0,1,0,0,1,1
878,879,2292,3,4,3,1909,497564,1,0,0,0,0,0,0
879,880,3361,1,2,2,1942,787341,0,1,0,0,1,0,1
880,881,3976,4,1,2,1914,592166,0,0,0,0,0,0,1
881,882,3917,5,2,2,1982,133100,1,0,0,0,0,1,0
882,883,2145,1,3,3,1947,915061,0,1,0,0,0,0,1
883,884,1705,1,2,1,1985,498636,1,0,0,1,0,0,1
884,885,3530,1,2,2,1920,544308,0,1,0,1,0,0,0
885,886,3372,1,3,1,1959,273059,1,0,0,0,0,0,0
886,887,3572,3,4,1,2015,617456,1,0,0,0,0,1,1
887,888,2354,3,1,3,2007,300396,0,1,0,0,0,0,0
888,889,4521,3,3,3,1995,824769,0,0,0,1,0,0,1
889,890,3208,5,2,1,1949,367006,0,0,0,1,0,0,1
890,891,4002,5,1,2,1922,78004,1,0,0,0,0,1,1
891,892,1832,5,3,3,1912,856903,1,0,0,0,0,0,1
892,893,701,2,1,2,1968,574252,0,0,0,1,0,0,1
893,894,4007,5,1,2,1903,666108,0,0,0,1,0,0,0
894,895,4712,3,3,2,1991,241239,0,0,1,0,0,0,0
895,896,1074,3,1,1,1977,676517,0,0,0,0,0,0,1
896,897,1036,2,4,2,1971,527044,1,0,0,0,1,0,0
897,898,2125,2,3,1,1908,901740,0,1,0,0,0,1,0
898,899,2622,5,4,1,2020,396113,0,0,0,0,0,1,1
899,900,885,4,2,2,2014,64568,0,0,1,0,0,0,0
900,901,3781,2,1,2,1934,583754,0,0,1,0,0,1,0
901,902,974,1,2,2,2000,272129,0,0,1,1,0,0,1
902,903,917,3,2,2,1920,631612,0,1,0,0,0,0,1
903,904,4100,1,1,1,1957,938640,0,0,0,0,0,0,1
904,905,1454,3,3,2,1917,196539,0,0,0,0,0,0,1
905,906,1705,3,1,2,1996,650243,0,0,0,0,1,0,1
906,907,4620,2,2,1,1971,197748,0,1,0,0,0,1,1
907,908,2490,2,2,3,2014,144791,0,1,0,0,1,0,1
908,909,4072,1,3,3,2012,736874,1,0,0,1,0,0,0
909,910,4880,3,1,1,1980,945150,0,0,1,0,0,1,1
910,911,4658,1,2,3,1942,596938,0,0,1,0,1,0,0
911,912,3213,4,4,1,1994,400434,0,0,0,0,0,0,0
912,913,2703,1,2,2,1997,127701,0,1,0,0,1,0,1
913,914,3620,5,2,2,1905,847115,0,1,0,0,0,0,0
914,915,1466,1,3,3,1985,279164,0,0,0,0,1,0,0
915,916,3932,5,4,2,1977,503035,0,0,0,0,1,0,0
916,917,1188,5,2,3,1966,655266,1,0,0,0,1,0,1
917,918,4743,5,2,3,1911,579148,0,0,1,0,0,0,0
918,919,4201,4,4,2,1999,709089,0,0,1,0,1,0,0
919,920,841,1,1,2,1911,605639,0,0,1,0,0,1,1
920,921,2224,1,1,3,2008,555920,1,0,0,0,0,1,0
921,922,4922,4,2,2,1965,374888,0,0,0,0,0,1,0
922,923,2292,3,2,1,1901,729706,0,0,0,0,0,0,0
923,924,2259,2,1,2,1914,956630,0,0,1,0,0,0,0
924,925,3712,1,3,2,1922,910587,0,0,1,0,0,1,0
925,926,1489,2,4,1,1928,171449,1,0,0,0,0,1,1
926,927,2762,4,4,2,1980,650988,0,1,0,0,0,1,0
927,928,2982,3,3,2,1995,809774,0,1,0,1,0,0,1
928,929,1451,3,3,3,1906,843387,0,0,1,0,0,1,0
929,930,1222,3,3,2,1993,307571,1,0,0,0,1,0,1
930,931,3889,4,3,2,1927,513506,0,0,1,1,0,0,1
931,932,2579,5,3,1,1913,487509,0,1,0,1,0,0,1
932,933,3217,5,3,3,1943,766696,0,0,1,0,0,0,0
933,934,2832,2,4,3,1929,858094,0,1,0,0,1,0,0
934,935,3876,5,3,3,1980,580696,0,1,0,0,0,0,0
935,936,2000,5,1,2,1931,745763,0,1,0,0,0,0,0
936,937,785,3,3,3,2009,313369,0,0,0,0,1,0,0
937,938,3995,3,3,1,1969,979700,0,0,0,0,0,0,1
938,939,2565,2,4,3,2014,513002,0,0,1,0,1,0,1
939,940,1268,1,4,1,1987,196444,0,1,0,0,1,0,1
940,941,3557,2,3,3,1905,831608,0,0,0,0,0,0,0
941,942,4789,2,4,3,1926,591567,0,0,1,0,0,1,0
942,943,2661,4,2,1,1981,160401,0,0,1,0,0,0,1
943,944,3793,4,4,3,1987,276801,0,0,1,1,0,0,0
944,945,1446,2,4,3,2000,821668,0,0,1,0,0,0,0
945,946,3835,2,4,3,2019,553575,0,0,1,0,1,0,1
946,947,4650,2,4,2,1923,928836,1,0,0,1,0,0,1
947,948,1981,5,1,1,2001,219259,0,1,0,0,1,0,0
948,949,2401,4,1,3,1933,297145,0,0,1,0,0,1,0
949,950,3951,2,1,1,1939,360625,1,0,0,0,0,1,1
950,951,4564,3,3,1,1946,733835,0,1,0,1,0,0,0
951,952,554,3,3,1,1978,94552,0,0,0,0,0,1,1
952,953,2323,5,2,3,1974,249041,0,0,1,0,0,1,1
953,954,3962,5,1,3,1985,257606,1,0,0,0,0,0,1
954,955,3579,1,3,1,2017,804965,0,0,0,0,0,0,0
955,956,1332,1,4,2,1923,836157,1,0,0,0,0,1,1
956,957,4908,1,4,1,1964,450074,0,1,0,0,0,1,1
957,958,3306,5,1,2,1917,779846,0,1,0,0,0,0,0
958,959,2990,5,2,1,1943,124474,0,0,0,0,0,1,1
959,960,827,5,2,1,1975,337312,1,0,0,0,0,1,0
960,961,3810,3,4,1,1956,606387,0,0,1,0,1,0,0
961,962,3800,5,2,3,2006,252252,0,0,1,0,0,1,0
962,963,4175,3,1,2,1927,814742,0,0,0,1,0,0,1
963,964,3554,1,4,2,2003,373599,0,0,0,0,1,0,1
964,965,2643,1,3,1,2023,628528,0,0,0,1,0,0,0
965,966,1811,1,3,3,1970,386940,1,0,0,0,0,1,0
966,967,3691,2,2,3,1922,891024,0,0,1,0,0,0,0
967,968,3038,2,4,2,1984,835034,0,0,1,0,1,0,1
968,969,4483,4,4,3,1933,434325,0,0,1,0,0,0,0
969,970,664,4,3,2,1910,302051,0,0,0,0,1,0,0
970,971,4777,4,4,2,1985,151611,0,0,1,0,0,0,0
971,972,1322,2,4,2,2005,632334,0,1,0,0,1,0,1
972,973,1443,2,4,3,1934,824756,0,0,0,0,1,0,0
973,974,4925,4,2,2,2015,66488,0,0,1,1,0,0,1
974,975,1274,4,4,2,1992,239913,1,0,0,0,0,0,1
975,976,2698,5,1,1,1941,430665,0,0,0,1,0,0,0
976,977,3656,4,2,2,1927,967899,0,1,0,1,0,0,0
977,978,4742,5,4,2,2022,758029,0,1,0,0,0,0,0
978,979,4195,3,4,1,1981,716205,1,0,0,0,1,0,1
979,980,3952,2,1,1,1977,741419,1,0,0,1,0,0,1
980,981,1414,4,2,3,1981,68394,0,0,0,0,0,0,1
981,982,1808,2,3,2,1991,930425,0,0,0,0,1,0,0
982,983,4677,2,3,3,1923,226978,0,1,0,1,0,0,1
983,984,1013,2,2,3,1907,109332,1,0,0,1,0,0,0
984,985,2420,3,4,1,2005,218377,0,0,0,1,0,0,0
985,986,4094,1,4,3,2017,92628,0,1,0,0,1,0,0
986,987,1909,4,3,2,2008,857784,1,0,0,1,0,0,1
987,988,3690,1,3,1,1952,529898,0,1,0,0,1,0,1
988,989,4991,1,3,2,1971,919403,0,0,1,0,0,1,1
989,990,2055,1,1,2,1903,101993,1,0,0,1,0,0,0
990,991,1304,2,3,1,1990,220458,0,0,0,0,0,1,1
991,992,1779,5,1,2,1999,939459,0,0,0,0,0,0,1
992,993,4077,2,2,1,1904,500281,0,0,1,1,0,0,0
993,994,3401,2,4,2,1996,956644,1,0,0,0,0,0,0
994,995,1887,1,3,1,1948,528720,0,1,0,0,0,0,1
995,996,3261,2,4,3,1997,556357,0,0,0,0,0,0,0
996,997,3179,1,4,2,1929,58539,0,0,1,0,0,1,1
997,998,2606,5,3,1,1971,182335,0,0,1,0,1,0,0
998,999,4723,4,3,2,2002,456521,1,0,0,0,0,1,0
999,1000,3268,1,2,2,1962,890249,1,0,0,0,0,1,1
1000,1001,4453,5,1,2,1946,991902,0,0,0,0,0,0,0
1001,1002,3686,4,1,1,1925,290310,0,0,1,1,0,0,0
1002,1003,3780,3,4,3,1956,256873,0,1,0,0,1,0,0
1003,1004,3073,1,3,3,1936,361251,0,0,1,0,0,0,1
1004,1005,3099,1,2,3,1997,999656,0,1,0,0,1,0,0
1005,1006,4533,3,2,1,1906,536476,0,1,0,0,0,1,0
1006,1007,736,3,2,3,1939,998128,0,0,0,0,1,0,1
1007,1008,1804,1,2,1,1991,965672,0,0,1,0,1,0,1
1008,1009,3930,3,2,2,1938,411799,0,1,0,1,0,0,0
1009,1010,1801,2,1,2,1961,630420,1,0,0,0,0,0,0
1010,1011,3041,4,1,3,2002,962133,0,1,0,0,1,0,0
1011,1012,2551,4,1,1,1991,155494,1,0,0,0,1,0,1
1012,1013,941,4,3,2,1977,889411,1,0,0,0,0,1,0
1013,1014,2576,2,4,1,1952,894445,0,0,1,0,0,1,1
1014,1015,3680,3,2,1,2013,275997,1,0,0,0,1,0,1
1015,1016,3157,5,3,2,2001,638085,0,1,0,0,0,0,0
1016,1017,4298,3,2,1,1903,101798,1,0,0,0,1,0,0
1017,1018,1304,1,1,2,2005,722010,0,0,1,0,1,0,1
1018,1019,574,4,3,2,1981,469230,0,0,0,1,0,0,0
1019,1020,2675,3,1,2,2007,650709,0,1,0,0,0,0,0
1020,1021,4424,5,2,1,2011,319578,0,1,0,1,0,0,1
1021,1022,2589,1,2,2,1924,866460,0,0,1,0,0,0,0
1022,1023,540,2,4,1,1906,640846,0,0,1,0,0,0,1
1023,1024,2581,2,2,2,2001,860763,0,0,1,0,0,0,0
1024,1025,2122,5,1,2,1927,117573,0,0,1,1,0,0,1
1025,1026,841,1,2,3,1968,703761,0,1,0,1,0,0,1
1026,1027,4552,4,4,3,1966,517508,0,0,0,1,0,0,0
1027,1028,2574,3,4,3,2007,227398,1,0,0,0,0,1,1
1028,1029,1145,1,1,1,1994,395123,1,0,0,1,0,0,1
1029,1030,4763,2,3,1,2010,840555,0,0,0,0,0,1,0
1030,1031,1109,5,2,2,2005,328747,0,0,0,0,0,1,0
1031,1032,954,5,4,2,2021,378085,0,0,0,0,0,1,0
1032,1033,3453,3,2,2,1919,92597,0,0,1,0,1,0,1
1033,1034,2208,5,2,2,1982,768598,0,1,0,0,1,0,1
1034,1035,3972,5,3,1,2011,920670,0,1,0,0,1,0,1
1035,1036,3469,1,4,2,2023,485935,0,1,0,0,0,1,0
1036,1037,3528,4,2,2,1910,797146,0,0,1,0,0,1,1
1037,1038,3181,3,4,3,2003,353895,0,1,0,0,0,0,1
1038,1039,4129,1,1,2,1966,962894,0,0,1,0,0,1,0
1039,1040,4725,4,1,2,1986,136978,0,1,0,0,1,0,1
1040,1041,3567,1,2,2,1906,329837,0,0,0,0,0,1,0
1041,1042,1886,1,4,1,1922,532757,1,0,0,0,0,1,0
1042,1043,4276,5,2,3,1960,218769,1,0,0,0,0,0,0
1043,1044,3366,4,4,2,1970,406668,0,0,1,0,0,1,1
1044,1045,3863,3,4,2,2009,410013,0,1,0,1,0,0,1
1045,1046,4624,3,3,3,1933,735352,1,0,0,0,0,0,1
1046,1047,648,4,3,2,2005,375969,0,0,0,0,0,1,0
1047,1048,4350,5,3,1,1918,714882,0,0,0,0,0,1,0
1048,1049,2558,2,2,2,1957,442619,0,0,0,0,0,0,0
1049,1050,1636,1,3,1,1908,881838,0,0,1,0,0,1,1
1050,1051,686,5,3,1,1947,288078,0,0,1,0,1,0,1
1051,1052,3354,4,1,2,2014,290140,0,1,0,1,0,0,1
1052,1053,1750,1,4,3,1981,717481,0,0,0,1,0,0,1
1053,1054,1833,3,4,1,1940,697659,0,1,0,0,1,0,1
1054,1055,4693,2,3,3,1947,457435,0,1,0,0,0,1,0
1055,1056,4650,3,4,2,1944,838049,0,0,0,0,0,1,1
1056,1057,3211,4,1,1,2005,93016,0,1,0,1,0,0,0
1057,1058,2285,1,1,2,1924,493888,1,0,0,0,0,1,0
1058,1059,1250,4,3,3,2015,336420,0,0,1,1,0,0,1
1059,1060,2262,1,1,2,1977,805247,0,1,0,1,0,0,0
1060,1061,4420,5,4,2,2007,384384,0,0,0,0,1,0,1
1061,1062,4960,2,2,1,1924,942724,0,0,1,1,0,0,1
1062,1063,981,5,4,2,1918,236807,0,0,1,0,0,1,0
1063,1064,653,5,2,2,1938,592247,0,1,0,0,0,1,1
1064,1065,2024,4,3,2,2018,602810,1,0,0,0,0,0,1
1065,1066,2620,2,2,1,1978,499303,0,1,0,0,0,1,0
1066,1067,2843,1,1,3,1979,453169,1,0,0,0,0,0,0
1067,1068,1740,1,4,3,1926,76567,0,0,1,1,0,0,0
1068,1069,560,3,2,2,2003,503739,0,1,0,0,0,1,0
1069,1070,1438,1,4,1,1973,112708,0,0,0,0,1,0,0
1070,1071,2139,4,3,2,1962,176206,0,1,0,0,1,0,0
1071,1072,4620,5,3,3,1967,596848,1,0,0,0,1,0,1
1072,1073,4726,5,1,1,2014,632678,1,0,0,1,0,0,1
1073,1074,4069,5,3,3,1918,700060,0,1,0,1,0,0,1
1074,1075,1752,2,2,3,1927,511365,1,0,0,0,0,0,0
1075,1076,4703,1,3,1,1984,357248,0,0,1,0,1,0,1
1076,1077,671,4,1,1,2022,632093,0,1,0,0,0,0,0
1077,1078,1958,2,4,2,2010,286109,1,0,0,0,0,0,1
1078,1079,4049,3,4,2,1977,545951,0,1,0,0,0,1,0
1079,1080,4697,4,3,3,1932,336640,0,1,0,0,0,1,1
1080,1081,2822,4,2,1,2011,788661,0,0,0,0,1,0,0
1081,1082,2136,4,1,1,1909,141257,0,1,0,1,0,0,0
1082,1083,3615,5,2,2,1982,53515,0,0,0,0,0,1,0
1083,1084,4590,4,1,3,1929,578742,1,0,0,1,0,0,0
1084,1085,3504,1,3,3,1921,287145,0,0,0,0,0,0,1
1085,1086,829,4,1,2,1902,72873,0,0,0,0,0,0,1
1086,1087,4140,5,1,1,2000,910352,0,0,0,0,0,0,0
1087,1088,4394,4,3,2,2004,325871,0,0,1,0,0,0,0
1088,1089,4607,3,2,2,1981,702664,0,0,0,0,1,0,0
1089,1090,1841,3,3,2,1974,643358,0,1,0,0,0,0,1
1090,1091,4163,5,1,2,1947,935491,0,0,0,0,0,1,0
1091,1092,715,1,3,1,1901,698852,0,1,0,0,0,0,0
1092,1093,838,1,1,2,1975,278497,0,0,0,1,0,0,1
1093,1094,4562,2,3,1,1953,691501,0,0,1,0,0,1,0
1094,1095,3208,5,4,2,1905,755339,1,0,0,1,0,0,0
1095,1096,3652,4,4,3,2006,599753,0,0,0,1,0,0,1
1096,1097,2250,5,3,1,2022,234972,0,0,0,0,1,0,0
1097,1098,2921,2,2,3,1939,634087,0,0,1,0,1,0,0
1098,1099,1209,5,1,2,2007,560237,0,0,0,1,0,0,1
1099,1100,4226,5,4,2,1992,670417,0,1,0,1,0,0,0
1100,1101,4142,2,2,2,2022,464546,0,0,0,0,0,0,1
1101,1102,4493,1,1,1,1993,713662,0,0,0,0,0,1,0
1102,1103,988,4,4,3,1901,419432,1,0,0,0,0,0,0
1103,1104,546,2,4,1,1972,293761,1,0,0,0,1,0,0
1104,1105,3859,3,3,1,2010,292821,0,0,0,0,1,0,0
1105,1106,900,1,1,2,1901,62875,0,0,1,0,0,0,0
1106,1107,4490,3,2,3,1992,601507,1,0,0,0,0,1,1
1107,1108,3657,1,2,2,1996,872614,0,0,0,1,0,0,0
1108,1109,4845,4,2,1,1973,785901,1,0,0,0,0,0,0
1109,1110,890,4,1,2,1997,485485,0,0,0,0,1,0,1
1110,1111,4353,5,2,3,2007,391925,1,0,0,0,0,1,1
1111,1112,4930,3,2,2,1954,56457,1,0,0,0,1,0,0
1112,1113,1128,1,2,3,1971,974253,0,1,0,0,0,1,1
1113,1114,4732,4,3,3,2000,83064,0,0,0,0,0,1,0
1114,1115,3430,2,3,2,2017,977325,0,0,0,0,0,1,1
1115,1116,2021,4,1,1,1959,689544,0,0,0,0,0,0,1
1116,1117,1326,2,1,2,1996,934729,0,0,0,0,0,0,0
1117,1118,2000,1,2,1,2010,808947,1,0,0,0,0,0,1
1118,1119,3794,4,3,1,1905,259727,0,1,0,0,0,1,0
1119,1120,2919,4,4,2,2007,975168,0,1,0,0,0,1,1
1120,1121,1434,1,4,1,2003,210353,0,0,1,0,1,0,1
1121,1122,3542,4,2,1,2008,832351,0,0,0,1,0,0,1
1122,1123,4997,2,2,2,1918,286887,0,0,1,0,0,0,0
1123,1124,1966,4,3,2,1995,475037,1,0,0,0,0,1,0
1124,1125,4061,3,3,2,1926,809129,0,0,1,0,1,0,1
1125,1126,1114,5,3,1,1900,992151,0,0,0,0,1,0,0
1126,1127,1682,2,1,3,2006,644206,0,1,0,0,1,0,0
1127,1128,3723,3,1,1,2015,263057,0,1,0,0,0,0,0
1128,1129,3167,1,2,3,1932,526015,0,0,0,0,0,0,1
1129,1130,630,2,1,2,1939,926611,1,0,0,1,0,0,0
1130,1131,3483,5,3,3,1931,387088,0,0,0,0,1,0,1
1131,1132,4778,5,3,2,1968,139142,1,0,0,0,0,0,1
1132,1133,4959,1,1,2,1916,77603,0,1,0,0,1,0,1
1133,1134,538,1,4,3,1907,882890,1,0,0,0,0,1,1
1134,1135,4459,2,2,2,1956,120605,0,0,0,0,1,0,1
1135,1136,4087,4,4,3,1941,331767,0,0,0,1,0,0,0
1136,1137,1420,1,2,2,1997,618728,0,0,0,0,0,0,0
1137,1138,3269,4,4,1,1908,918859,1,0,0,0,0,1,1
1138,1139,4611,3,1,1,2019,975208,1,0,0,0,0,0,0
1139,1140,992,5,2,2,1986,405970,1,0,0,0,0,1,0
1140,1141,1631,4,2,2,1934,339604,0,1,0,0,1,0,0
1141,1142,4021,5,2,3,2013,264117,0,0,1,0,1,0,0
1142,1143,810,4,3,1,1970,788165,0,0,1,1,0,0,0
1143,1144,1238,3,3,3,1978,516727,0,0,0,1,0,0,0
1144,1145,3741,1,4,2,1952,160373,0,1,0,0,0,1,0
1145,1146,1045,3,1,2,1953,974069,1,0,0,1,0,0,1
1146,1147,2961,1,3,3,1983,317014,0,0,0,1,0,0,1
1147,1148,4846,1,2,2,2013,68909,0,1,0,1,0,0,1
1148,1149,2304,5,3,1,1924,321261,0,0,0,1,0,0,0
1149,1150,3712,3,1,3,1966,299975,0,1,0,0,1,0,0
1150,1151,4310,4,3,1,2023,903906,0,1,0,1,0,0,1
1151,1152,1313,3,2,1,1961,668214,0,0,1,0,1,0,0
1152,1153,4624,5,4,1,1954,487538,0,0,0,0,1,0,0
1153,1154,2532,1,2,3,1945,177463,1,0,0,0,0,0,1
1154,1155,4913,5,1,2,1923,151536,0,0,1,0,1,0,1
1155,1156,744,2,4,1,1997,856560,0,0,1,0,1,0,1
1156,1157,771,2,3,1,1945,301981,1,0,0,1,0,0,0
1157,1158,4011,4,3,1,1921,540533,0,1,0,0,1,0,0
1158,1159,2271,5,3,2,1910,381145,1,0,0,0,0,1,0
1159,1160,1762,4,4,2,1947,836872,0,0,0,1,0,0,1
1160,1161,2924,4,2,3,1907,230685,1,0,0,1,0,0,1
1161,1162,4861,2,4,2,1938,697779,0,1,0,1,0,0,0
1162,1163,1420,4,4,3,2006,979167,1,0,0,0,0,0,1
1163,1164,3930,2,1,3,1934,547275,0,1,0,1,0,0,1
1164,1165,4935,1,4,3,1948,200619,0,1,0,0,1,0,0
1165,1166,4984,5,3,3,1945,655950,0,0,0,0,0,1,1
1166,1167,3124,4,2,3,1937,810416,1,0,0,1,0,0,1
1167,1168,4260,2,2,1,1907,50005,1,0,0,1,0,0,1
1168,1169,2550,3,2,2,1953,284152,0,0,0,0,0,1,0
1169,1170,4000,4,3,1,1936,319182,0,1,0,1,0,0,0
1170,1171,1665,1,3,3,1990,842846,1,0,0,0,0,0,1
1171,1172,875,1,3,2,1991,530875,0,0,0,0,1,0,0
1172,1173,2533,3,3,1,1939,905938,0,1,0,0,0,1,0
1173,1174,645,2,3,1,1933,913018,0,0,0,0,0,1,0
1174,1175,4888,4,4,3,1995,445822,1,0,0,0,0,0,1
1175,1176,931,2,3,1,1978,852914,0,0,0,0,1,0,0
1176,1177,1204,1,3,1,2007,804189,0,0,1,0,0,0,1
1177,1178,3132,2,3,1,1916,252945,0,1,0,0,1,0,1
1178,1179,4994,1,3,1,1932,608236,0,0,1,0,0,0,0
1179,1180,1463,2,2,1,1946,402131,0,0,1,1,0,0,1
1180,1181,2734,3,3,3,2009,272873,0,1,0,0,0,0,0
1181,1182,2541,5,4,3,1951,272322,0,1,0,0,0,1,0
1182,1183,2328,3,4,1,2017,70875,0,0,0,0,0,1,1
1183,1184,2608,3,4,3,1979,325201,0,1,0,0,0,1,1
1184,1185,4568,5,1,3,1992,82400,0,0,1,0,0,0,0
1185,1186,1438,5,2,2,1908,514674,0,0,1,0,0,1,0
1186,1187,1306,4,3,1,1932,118607,1,0,0,0,0,1,0
1187,1188,1963,4,1,3,1959,923993,0,1,0,1,0,0,0
1188,1189,3915,3,3,3,2012,339647,0,0,1,1,0,0,1
1189,1190,510,3,1,1,1992,466981,1,0,0,0,1,0,1
1190,1191,2368,1,1,2,1976,151096,1,0,0,0,1,0,1
1191,1192,1384,1,4,1,1920,620900,0,0,0,0,1,0,0
1192,1193,4064,4,4,2,1957,934750,0,0,1,0,0,0,1
1193,1194,1889,4,1,1,1984,311538,0,0,0,0,1,0,1
1194,1195,3901,1,4,1,1968,134335,0,0,1,0,0,0,1
1195,1196,4821,1,1,1,1909,413133,0,0,0,0,0,0,1
1196,1197,1324,2,2,1,1905,667300,0,0,0,0,1,0,0
1197,1198,2765,2,4,2,2019,131748,0,1,0,0,1,0,1
1198,1199,1436,1,4,2,2014,976932,0,0,0,0,0,0,1
1199,1200,3300,2,4,3,2020,736779,0,1,0,1,0,0,1
1200,1201,3053,5,2,1,1912,115195,1,0,0,0,0,1,1
1201,1202,4345,4,1,2,1964,779055,0,0,1,0,0,1,0
1202,1203,2296,4,3,2,1919,664134,1,0,0,0,0,1,0
1203,1204,553,1,4,2,1956,676692,0,0,1,1,0,0,1
1204,1205,1226,3,1,1,2010,351286,1,0,0,0,0,0,0
1205,1206,3236,1,2,3,1945,835608,0,0,1,0,1,0,0
1206,1207,3670,2,3,2,1907,121540,0,0,0,0,0,0,0
1207,1208,2413,3,4,1,1909,743649,0,0,1,0,0,0,0
1208,1209,2096,2,2,2,1972,389092,0,0,1,0,1,0,1
1209,1210,2414,5,2,2,2012,895383,1,0,0,1,0,0,0
1210,1211,2966,2,3,3,2004,61755,1,0,0,0,0,1,0
1211,1212,3237,5,1,2,1966,827203,1,0,0,0,0,1,1
1212,1213,1349,5,4,2,1910,430129,0,1,0,0,0,0,1
1213,1214,2609,2,4,1,1911,658841,0,1,0,1,0,0,1
1214,1215,502,2,1,1,1909,184962,0,0,1,0,0,1,1
1215,1216,4755,5,1,3,1924,930808,0,0,1,1,0,0,0
1216,1217,4569,3,1,1,1948,306760,0,0,0,0,1,0,1
1217,1218,1392,5,3,1,1948,67175,0,0,0,0,0,0,0
1218,1219,2530,4,3,3,1988,902119,0,0,1,0,0,0,0
1219,1220,3660,5,4,2,1910,921415,0,1,0,1,0,0,1
1220,1221,2876,3,3,3,1961,531503,0,0,1,0,0,1,1
1221,1222,2433,4,2,1,2017,800071,0,0,0,1,0,0,0
1222,1223,1880,1,4,3,1935,729648,0,1,0,0,1,0,0
1223,1224,4181,1,3,2,1938,96629,0,1,0,0,0,1,1
1224,1225,1790,3,1,3,1952,691067,0,0,0,0,0,1,1
1225,1226,2140,5,2,1,1989,228872,0,0,1,1,0,0,1
1226,1227,3182,2,1,1,1977,742727,1,0,0,0,1,0,0
1227,1228,1487,3,4,3,2002,520970,0,0,1,0,0,1,0
1228,1229,1718,4,1,2,1955,380657,0,0,1,0,0,0,1
1229,1230,1855,4,3,3,2003,657050,0,0,0,0,1,0,0
1230,1231,4765,1,3,2,1900,210094,0,1,0,0,0,1,1
1231,1232,4635,4,4,2,1955,774689,0,0,0,1,0,0,0
1232,1233,2060,3,1,3,2017,969163,0,0,1,0,0,1,0
1233,1234,1918,4,4,2,1903,107941,1,0,0,0,0,0,1
1234,1235,1454,3,1,1,1929,355617,1,0,0,0,1,0,1
1235,1236,1483,2,2,3,1911,760958,1,0,0,0,0,1,1
1236,1237,1474,1,3,2,2019,66040,0,0,0,0,0,0,0
1237,1238,4633,4,4,1,1934,119806,0,1,0,0,0,1,0
1238,1239,4472,3,2,3,1976,718646,0,0,0,0,0,1,1
1239,1240,1413,5,2,1,1951,250211,1,0,0,0,1,0,0
1240,1241,536,1,4,1,1930,686364,0,0,1,1,0,0,1
1241,1242,3887,2,4,1,2001,105916,0,1,0,1,0,0,0
1242,1243,2211,3,2,2,2006,722960,0,0,0,0,0,0,1
1243,1244,3520,2,1,3,1986,445507,0,0,0,0,0,0,0
1244,1245,1295,2,2,3,1967,456339,0,1,0,0,0,0,0
1245,1246,4536,4,4,2,1951,840243,0,1,0,0,1,0,0
1246,1247,3611,4,2,3,1979,605564,0,0,1,1,0,0,0
1247,1248,1824,3,1,1,1906,235217,0,1,0,0,0,0,1
1248,1249,817,5,3,3,1921,917481,0,0,1,0,0,0,0
1249,1250,2896,3,3,2,1992,251750,1,0,0,0,0,1,1
1250,1251,2662,5,2,1,1974,269854,1,0,0,0,0,1,1
1251,1252,3245,2,1,2,1955,796403,0,0,0,0,0,0,1
1252,1253,2091,1,3,1,1996,994218,1,0,0,0,0,1,1
1253,1254,3611,3,2,1,1957,761045,1,0,0,0,0,1,0
1254,1255,4430,3,2,3,1992,717554,0,0,1,0,0,1,1
1255,1256,2496,5,1,1,1963,385206,0,0,0,0,1,0,0
1256,1257,1812,2,4,2,2022,200434,0,1,0,0,0,0,0
1257,1258,1785,2,2,3,2002,890931,0,0,0,0,0,0,0
1258,1259,4811,5,4,2,1911,620569,1,0,0,0,0,1,0
1259,1260,2883,2,4,1,1906,881284,0,1,0,0,1,0,1
1260,1261,3739,4,3,2,2022,836408,0,0,0,0,0,1,0
1261,1262,2639,1,4,2,1954,827981,0,0,0,0,1,0,1
1262,1263,2204,3,1,1,2002,554869,0,0,0,0,0,0,0
1263,1264,862,1,3,3,2005,753196,0,0,0,0,0,1,0
1264,1265,3104,3,3,2,1961,578883,0,0,1,0,0,0,1
1265,1266,2216,4,3,1,2011,670218,0,0,0,0,1,0,0
1266,1267,4951,2,2,3,1989,196474,1,0,0,1,0,0,0
1267,1268,4786,5,2,3,2003,311745,1,0,0,0,1,0,0
1268,1269,4238,4,4,3,1972,770643,0,0,1,1,0,0,0
1269,1270,2969,1,3,2,2004,404820,0,1,0,0,0,0,0
1270,1271,1056,5,3,2,1997,748083,0,1,0,0,0,0,1
1271,1272,1325,2,1,2,2008,232394,1,0,0,0,0,1,0
1272,1273,3308,4,4,3,1976,752124,1,0,0,1,0,0,0
1273,1274,3219,5,1,2,1954,468127,0,0,1,0,1,0,1
1274,1275,4008,4,4,1,2018,796648,0,1,0,0,0,0,0
1275,1276,4241,4,4,2,1935,855837,0,1,0,1,0,0,1
1276,1277,2074,2,2,2,1988,108122,0,0,0,0,1,0,0
1277,1278,4498,3,2,3,1923,804849,0,0,0,1,0,0,0
1278,1279,2629,5,1,2,1943,282661,0,0,0,0,1,0,1
1279,1280,2903,2,4,1,1916,703197,0,0,1,0,1,0,0
1280,1281,3829,4,3,3,1901,315591,1,0,0,0,1,0,0
1281,1282,1088,2,2,1,1912,234215,0,0,1,0,1,0,1
1282,1283,2512,3,3,3,1930,60662,0,1,0,1,0,0,1
1283,1284,2047,5,1,3,1992,506217,1,0,0,1,0,0,0
1284,1285,794,3,2,2,2013,632570,0,0,0,0,0,1,1
1285,1286,2485,1,2,1,1927,448115,0,0,1,1,0,0,0
1286,1287,3617,5,4,3,1959,865014,0,0,1,1,0,0,1
1287,1288,2190,3,1,2,1926,641759,0,0,0,0,0,1,0
1288,1289,1636,4,4,3,1914,697801,0,0,1,1,0,0,1
1289,1290,2564,5,2,3,1994,223285,0,0,0,0,1,0,1
1290,1291,4955,5,1,3,2003,681866,0,1,0,0,0,0,1
1291,1292,1507,2,2,3,1978,912303,1,0,0,0,0,0,1
1292,1293,3014,4,1,3,1932,657493,0,1,0,0,0,1,1
1293,1294,4026,1,2,3,1919,910513,0,1,0,1,0,0,1
1294,1295,1747,3,3,2,1941,942215,0,0,0,1,0,0,1
1295,1296,4402,2,3,3,1911,284631,0,0,1,0,0,1,1
1296,1297,1935,3,4,1,2000,133805,0,1,0,0,0,0,1
1297,1298,1071,1,3,2,1972,174698,0,1,0,0,1,0,0
1298,1299,2882,1,2,1,1922,218902,0,1,0,1,0,0,1
1299,1300,1745,5,2,3,1971,974570,0,0,1,0,0,1,0
1300,1301,2584,1,3,1,1995,60712,0,0,1,0,1,0,1
1301,1302,777,3,4,3,2011,393671,0,0,0,0,0,1,0
1302,1303,2387,4,3,3,1913,965885,0,1,0,0,0,1,0
1303,1304,1765,4,1,2,1990,701176,1,0,0,0,0,1,1
1304,1305,1540,5,1,2,1924,806686,0,0,1,0,0,0,1
1305,1306,1417,3,1,3,1976,568680,0,0,0,0,0,0,0
1306,1307,1385,3,3,2,2018,246437,0,1,0,0,0,1,0
1307,1308,3252,1,3,1,1984,661473,1,0,0,1,0,0,1
1308,1309,521,3,3,2,2008,411995,0,0,1,0,1,0,1
1309,1310,3691,2,1,2,1930,474022,1,0,0,1,0,0,1
1310,1311,2853,1,4,1,2000,586498,0,0,1,0,0,0,0
1311,1312,1186,2,2,2,2011,86972,0,0,0,0,1,0,1
1312,1313,784,5,3,3,2021,811254,1,0,0,0,0,1,1
1313,1314,4247,4,4,1,2006,346280,0,1,0,1,0,0,1
1314,1315,1262,5,2,3,1953,487513,0,1,0,1,0,0,1
1315,1316,2928,4,2,1,1904,952877,0,0,1,0,0,1,1
1316,1317,3007,5,2,3,1912,852377,0,1,0,1,0,0,0
1317,1318,528,3,4,3,1927,800561,1,0,0,0,0,0,0
1318,1319,1406,2,4,2,1942,391324,0,0,0,0,0,1,1
1319,1320,3604,4,1,3,1988,382597,0,0,1,1,0,0,1
1320,1321,4499,1,4,2,2014,921836,1,0,0,0,0,1,0
1321,1322,3494,2,4,1,1998,980728,0,0,1,0,1,0,1
1322,1323,3006,1,4,3,1946,53052,0,0,0,0,0,1,0
1323,1324,4109,2,2,3,2002,339416,0,0,1,1,0,0,1
1324,1325,4053,2,3,1,1970,353294,0,1,0,0,0,0,0
1325,1326,1953,5,1,1,1937,801564,0,1,0,0,0,1,0
1326,1327,3856,4,3,3,1995,198388,0,0,1,0,0,1,1
1327,1328,1015,4,3,1,1966,496605,0,0,0,1,0,0,0
1328,1329,538,2,4,2,1961,712600,0,0,0,0,0,0,1
1329,1330,3842,3,1,1,2008,933527,0,1,0,0,0,0,0
1330,1331,1386,3,3,1,1938,380918,0,0,0,0,1,0,1
1331,1332,3344,1,3,3,1936,879607,0,0,1,0,1,0,1
1332,1333,2704,1,1,2,2018,443781,1,0,0,1,0,0,1
1333,1334,1598,5,4,1,2013,66375,0,0,1,0,0,0,0
1334,1335,2323,2,3,2,1985,599998,0,1,0,0,0,0,1
1335,1336,3701,1,2,2,1907,755255,0,1,0,0,1,0,1
1336,1337,3655,1,3,2,1980,828912,0,1,0,0,1,0,1
1337,1338,3593,2,2,3,1951,720534,0,0,0,1,0,0,0
1338,1339,4030,5,4,1,1990,419170,0,0,1,0,0,0,1
1339,1340,4278,1,3,3,1932,530545,1,0,0,0,0,1,0
1340,1341,3396,5,1,1,2009,77597,0,0,1,0,1,0,0
1341,1342,3953,4,1,1,1980,386433,1,0,0,1,0,0,0
1342,1343,4011,5,3,3,1941,481613,0,0,1,0,0,0,1
1343,1344,1488,3,4,2,1975,135687,0,1,0,0,0,0,1
1344,1345,4616,3,4,2,2011,168968,1,0,0,0,1,0,0
1345,1346,4526,5,1,1,2009,614562,0,0,1,1,0,0,1
1346,1347,4679,3,3,3,1926,517453,0,0,0,0,0,1,1
1347,1348,2182,4,4,2,2011,253570,0,0,0,0,1,0,0
1348,1349,4463,2,1,2,1907,481413,0,0,1,1,0,0,0
1349,1350,1433,3,2,1,1922,622922,0,1,0,0,0,0,1
1350,1351,4098,3,3,1,2023,866473,1,0,0,0,0,1,0
1351,1352,3733,5,2,3,2005,974752,0,0,1,1,0,0,1
1352,1353,2480,4,2,1,2012,397509,0,0,0,0,0,1,0
1353,1354,2355,2,4,2,1963,969707,1,0,0,1,0,0,1
1354,1355,3556,5,4,2,2022,888418,0,0,0,1,0,0,1
1355,1356,1292,5,4,2,1992,861802,0,0,0,1,0,0,0
1356,1357,1291,4,3,2,2013,347391,0,0,1,1,0,0,1
1357,1358,2309,2,2,3,1919,960835,0,0,0,0,0,1,1
1358,1359,2755,4,3,3,1915,431688,1,0,0,0,1,0,0
1359,1360,4110,2,4,1,1916,256994,0,1,0,0,0,1,1
1360,1361,2107,4,2,1,1979,830768,0,0,1,1,0,0,1
1361,1362,1484,5,3,1,1918,443650,1,0,0,0,0,1,1
1362,1363,4176,5,3,3,2019,637270,0,0,1,0,0,1,0
1363,1364,3880,1,1,2,2019,901612,0,0,0,0,0,1,0
1364,1365,1019,3,3,1,1907,682822,0,0,0,1,0,0,0
1365,1366,1090,4,4,2,1937,739834,1,0,0,0,0,1,0
1366,1367,1550,1,3,1,1937,336788,1,0,0,0,0,0,0
1367,1368,4133,3,2,1,1952,612781,0,1,0,1,0,0,1
1368,1369,4944,4,3,1,1992,395968,1,0,0,0,0,1,1
1369,1370,1459,2,1,1,2004,564922,1,0,0,0,0,0,1
1370,1371,1192,3,2,1,1999,971463,0,0,1,0,0,1,0
1371,1372,4399,5,2,2,1989,883721,0,0,0,0,1,0,1
1372,1373,4973,1,1,1,1930,978647,1,0,0,0,0,1,0
1373,1374,3446,3,4,2,1943,482809,0,1,0,0,0,1,1
1374,1375,1026,3,2,3,1959,482331,1,0,0,0,1,0,0
1375,1376,3724,5,4,1,1975,816505,0,0,0,1,0,0,1
1376,1377,2753,4,2,2,2018,727900,1,0,0,0,1,0,1
1377,1378,3844,2,2,3,1916,347625,0,0,1,1,0,0,0
1378,1379,4465,5,4,3,1978,276577,0,0,0,0,1,0,1
1379,1380,2375,2,2,3,1972,651385,1,0,0,0,0,1,1
1380,1381,2263,4,4,2,1938,859010,0,0,1,0,0,1,0
1381,1382,1020,3,1,1,1941,980291,0,0,0,1,0,0,1
1382,1383,1516,2,4,1,1947,384192,1,0,0,1,0,0,1
1383,1384,616,1,1,2,1911,564771,0,0,1,0,0,0,0
1384,1385,2933,1,2,1,1995,233951,0,1,0,0,0,0,0
1385,1386,1083,5,4,2,1988,191668,0,0,1,0,0,1,0
1386,1387,894,4,2,1,2002,503885,0,1,0,0,0,1,0
1387,1388,4288,5,4,3,1917,463146,1,0,0,0,0,0,0
1388,1389,3268,5,1,1,1978,229022,0,0,1,0,0,0,1
1389,1390,4667,5,1,2,1995,932169,0,1,0,1,0,0,0
1390,1391,4360,1,4,2,1905,330831,0,0,0,0,1,0,0
1391,1392,773,1,1,3,2021,496049,0,0,1,1,0,0,1
1392,1393,2513,5,2,2,2007,172540,1,0,0,0,0,0,1
1393,1394,4933,1,2,1,1942,741349,0,0,0,0,0,1,1
1394,1395,1889,4,3,1,2015,866615,0,1,0,0,0,0,1
1395,1396,4066,5,1,3,1934,332902,0,0,1,0,0,1,1
1396,1397,665,1,2,2,1997,706442,0,0,1,0,0,1,0
1397,1398,2067,2,4,3,2001,812301,1,0,0,0,0,1,1
1398,1399,1228,5,1,1,2019,670656,0,0,0,0,0,1,0
1399,1400,2543,5,2,3,1953,620179,0,0,1,0,1,0,1
1400,1401,4697,4,1,2,2020,96901,0,0,1,0,0,0,0
1401,1402,3996,3,4,3,1961,526728,0,0,0,1,0,0,1
1402,1403,1278,3,2,2,1968,416056,0,0,1,0,0,1,0
1403,1404,713,4,3,2,1981,645350,0,0,0,0,0,1,0
1404,1405,4262,4,3,1,1915,539838,0,0,0,1,0,0,0
1405,1406,2076,4,1,1,1907,726923,0,0,0,1,0,0,0
1406,1407,2948,3,4,1,1988,908440,1,0,0,0,0,1,0
1407,1408,3436,4,2,2,1995,445991,0,0,0,1,0,0,0
1408,1409,3617,1,4,3,1989,983332,0,0,0,1,0,0,0
1409,1410,1091,5,2,2,2015,553528,0,1,0,0,1,0,0
1410,1411,3220,5,1,1,1985,569149,0,1,0,1,0,0,0
1411,1412,1213,2,2,1,1930,854406,1,0,0,0,0,0,0
1412,1413,1435,2,4,3,2006,727748,0,0,0,0,0,0,1
1413,1414,4837,5,4,1,1909,654879,0,1,0,0,0,0,0
1414,1415,501,1,1,1,1955,302990,0,1,0,0,0,1,0
1415,1416,3348,3,4,1,2020,330759,0,0,1,0,0,0,1
1416,1417,4544,3,2,3,1975,72838,0,0,0,0,1,0,0
1417,1418,2449,1,1,2,2016,352872,0,1,0,0,0,0,0
1418,1419,1417,3,2,1,1991,690537,1,0,0,0,0,1,1
1419,1420,3674,4,4,3,1969,652288,0,0,1,0,1,0,1
1420,1421,2741,5,1,1,2022,364942,0,0,1,0,0,0,0
1421,1422,589,5,2,3,1919,515992,0,0,0,0,1,0,1
1422,1423,2209,1,4,1,1904,987126,0,0,0,0,1,0,0
1423,1424,2669,3,4,3,1922,194608,0,0,1,0,0,1,0
1424,1425,4738,2,3,1,1908,186772,1,0,0,0,0,1,0
1425,1426,3541,2,4,2,1957,744199,0,0,0,0,1,0,1
1426,1427,605,3,2,1,1958,846680,0,0,0,0,0,0,0
1427,1428,1386,2,1,3,1992,95291,0,0,1,0,0,1,0
1428,1429,927,1,3,1,1979,919061,0,0,1,0,1,0,1
1429,1430,2395,1,4,2,1953,265963,0,0,0,1,0,0,0
1430,1431,816,3,4,1,1945,175612,0,1,0,1,0,0,0
1431,1432,1134,2,4,3,1921,591465,0,0,0,0,0,1,0
1432,1433,2425,1,2,3,1963,462699,0,1,0,0,0,0,0
1433,1434,2556,1,3,2,1907,93815,0,0,1,1,0,0,0
1434,1435,3644,4,2,3,2022,874965,0,1,0,1,0,0,0
1435,1436,2770,4,3,1,1919,836458,1,0,0,1,0,0,1
1436,1437,1939,1,1,1,1950,154997,0,0,1,0,0,0,0
1437,1438,1052,3,2,1,1977,110611,0,0,0,0,0,0,0
1438,1439,1215,5,2,3,1938,661530,0,0,0,0,0,1,1
1439,1440,4411,5,1,1,1936,467876,0,0,1,0,0,1,0
1440,1441,2213,1,3,1,1949,760463,0,0,1,1,0,0,0
1441,1442,3889,1,4,1,1933,417057,1,0,0,0,0,0,1
1442,1443,1607,1,1,2,1974,92082,0,0,1,0,1,0,1
1443,1444,4706,3,4,3,2017,197330,0,0,0,1,0,0,1
1444,1445,750,4,4,3,2003,677901,1,0,0,0,0,1,1
1445,1446,2930,1,1,3,1932,934747,0,0,0,0,0,0,1
1446,1447,2554,1,3,2,1930,926122,0,1,0,0,0,1,1
1447,1448,958,2,4,3,2022,145220,0,0,1,0,0,1,1
1448,1449,707,3,1,2,1953,589677,0,1,0,0,0,0,0
1449,1450,1399,1,2,2,1943,141860,0,0,0,1,0,0,0
1450,1451,3961,2,2,3,1933,733045,0,1,0,0,0,0,0
1451,1452,3885,5,2,1,2013,502436,0,1,0,1,0,0,1
1452,1453,521,1,1,1,1970,994699,0,0,0,0,0,1,0
1453,1454,909,1,2,3,2021,71797,0,0,0,0,0,0,1
1454,1455,1394,2,4,3,2012,948407,0,0,1,0,1,0,0
1455,1456,1014,3,2,2,2017,933601,0,1,0,1,0,0,0
1456,1457,4609,1,2,3,1961,820227,1,0,0,0,1,0,0
1457,1458,2634,5,4,2,1922,640620,1,0,0,1,0,0,0
1458,1459,4095,1,2,3,1945,810943,0,0,0,0,0,0,1
1459,1460,3456,5,4,1,1955,274997,0,0,0,0,1,0,1
1460,1461,2060,4,2,1,1906,506123,0,1,0,0,0,0,0
1461,1462,1766,4,4,3,2017,450404,0,0,0,1,0,0,1
1462,1463,2669,5,2,2,1988,335840,1,0,0,1,0,0,1
1463,1464,4138,3,4,1,1960,52024,0,0,1,1,0,0,0
1464,1465,1249,1,1,2,1902,479201,0,0,1,1,0,0,1
1465,1466,3927,1,4,3,2022,711944,0,1,0,0,0,1,1
1466,1467,2427,4,2,3,1937,403142,0,0,1,1,0,0,1
1467,1468,4304,5,2,1,1983,208116,0,0,0,0,1,0,1
1468,1469,4202,1,3,3,1933,831627,0,0,0,1,0,0,0
1469,1470,2856,1,4,1,2012,317429,0,0,0,0,0,0,0
1470,1471,2835,3,1,2,1943,506331,0,0,0,0,0,1,1
1471,1472,806,2,4,1,2007,843802,0,1,0,0,1,0,0
1472,1473,4165,4,4,1,1929,67903,0,0,1,0,0,1,0
1473,1474,2489,4,1,2,1916,737859,1,0,0,0,0,1,0
1474,1475,1161,2,4,1,1958,934336,0,0,1,0,0,1,1
1475,1476,811,1,1,1,1909,859427,0,0,0,0,0,0,1
1476,1477,3420,3,1,3,1998,417304,1,0,0,0,0,1,0
1477,1478,1582,3,4,2,1983,478416,0,1,0,0,0,1,0
1478,1479,3471,4,4,1,1917,662665,0,0,0,1,0,0,1
1479,1480,1254,3,2,2,1944,251474,0,0,0,0,0,0,0
1480,1481,4630,2,2,2,2007,456782,1,0,0,0,1,0,1
1481,1482,852,1,3,1,1990,874254,0,1,0,0,1,0,0
1482,1483,1402,2,3,3,1958,419556,1,0,0,0,1,0,1
1483,1484,4388,5,4,2,1961,887654,0,1,0,0,0,0,1
1484,1485,658,4,1,1,1958,930520,0,0,0,0,1,0,1
1485,1486,2477,3,3,2,1948,543301,0,0,1,0,0,0,1
1486,1487,1456,5,4,3,1999,402594,0,0,0,1,0,0,0
1487,1488,2571,3,3,3,1962,493884,0,0,1,1,0,0,1
1488,1489,903,1,1,3,1986,683654,0,0,1,0,0,0,0
1489,1490,3279,1,4,1,1931,422222,0,1,0,0,1,0,1
1490,1491,1887,1,1,1,1909,638141,1,0,0,0,0,0,1
1491,1492,3953,3,4,3,1910,235715,0,1,0,0,0,0,0
1492,1493,1455,5,3,1,2001,960226,0,0,0,0,0,1,0
1493,1494,2212,1,2,3,1969,203405,1,0,0,0,0,0,0
1494,1495,1773,5,3,1,2022,459174,0,0,1,0,0,1,1
1495,1496,4311,3,3,3,2004,626730,0,0,1,1,0,0,1
1496,1497,3125,5,2,2,1961,464170,0,0,0,0,0,1,0
1497,1498,2882,3,2,3,1946,280755,1,0,0,0,0,0,1
1498,1499,1941,3,4,3,1933,583963,0,0,0,1,0,0,0
1499,1500,3479,4,4,1,1999,139590,0,0,0,0,0,1,1
1500,1501,2297,3,1,1,2000,420714,0,1,0,0,0,0,1
1501,1502,4890,3,1,1,1916,343805,0,0,0,1,0,0,1
1502,1503,4509,2,3,1,2003,638577,1,0,0,0,0,1,0
1503,1504,1894,1,2,1,2003,67184,0,0,0,0,0,0,1
1504,1505,4781,4,1,1,1953,884395,1,0,0,0,0,0,0
1505,1506,1769,4,3,2,1975,731182,0,0,1,0,1,0,0
1506,1507,4214,4,2,3,1984,505519,0,0,0,0,1,0,1
1507,1508,1029,2,4,3,1939,257537,1,0,0,0,0,1,0
1508,1509,4123,3,3,3,1918,841699,0,0,1,0,0,1,0
1509,1510,3458,1,4,2,1966,233719,1,0,0,0,0,1,1
1510,1511,3414,5,1,3,1981,899246,0,0,1,0,0,0,0
1511,1512,4091,3,1,2,1952,872457,0,1,0,0,0,1,0
1512,1513,2647,2,2,2,2014,171246,0,0,0,0,0,0,1
1513,1514,3869,3,3,2,1963,389749,0,0,0,0,0,1,1
1514,1515,1439,3,4,3,1982,706341,0,0,1,0,0,0,1
1515,1516,1025,2,2,2,1946,879868,0,1,0,0,0,0,0
1516,1517,501,4,1,3,1905,723832,1,0,0,0,1,0,0
1517,1518,874,4,1,3,1915,200408,0,1,0,1,0,0,1
1518,1519,2840,1,3,1,1971,730947,1,0,0,0,0,0,0
1519,1520,4505,1,4,1,2011,913624,1,0,0,0,0,1,1
1520,1521,3552,4,3,2,1917,287439,0,0,0,0,1,0,1
1521,1522,2865,5,4,2,1951,957023,0,0,1,0,0,1,1
1522,1523,2025,3,4,3,1947,396655,0,0,0,0,0,1,0
1523,1524,4976,5,3,2,1942,583953,0,0,0,0,0,0,0
1524,1525,2146,3,2,2,1938,732457,0,0,0,0,0,0,1
1525,1526,513,4,3,3,1948,927709,1,0,0,1,0,0,1
1526,1527,2778,1,3,2,2012,626762,0,0,0,0,0,0,0
1527,1528,3655,1,1,2,1911,777333,1,0,0,0,0,0,1
1528,1529,629,5,1,3,2008,468401,0,0,1,1,0,0,0
1529,1530,4314,1,3,3,1909,125911,1,0,0,0,0,1,1
1530,1531,3716,4,3,1,1970,142643,1,0,0,1,0,0,1
1531,1532,3438,5,1,3,2009,866916,0,1,0,1,0,0,0
1532,1533,4428,3,4,1,1954,309383,0,0,0,1,0,0,0
1533,1534,2540,1,3,2,1900,413309,0,0,0,0,1,0,0
1534,1535,527,2,2,3,1948,226682,0,0,0,0,0,1,0
1535,1536,2613,1,2,3,1935,756167,0,0,0,0,1,0,0
1536,1537,1752,3,2,3,1920,862267,0,1,0,0,1,0,1
1537,1538,4856,5,3,2,1936,800639,0,1,0,0,0,0,1
1538,1539,2546,3,4,1,2015,146453,0,1,0,1,0,0,0
1539,1540,4523,2,4,2,1923,628078,0,1,0,1,0,0,0
1540,1541,4896,4,1,2,1954,782320,0,0,0,0,1,0,1
1541,1542,3874,1,3,3,1924,846075,1,0,0,0,0,0,1
1542,1543,3966,5,4,1,1906,387990,0,0,1,0,0,0,0
1543,1544,3581,4,3,2,2005,462167,0,1,0,0,0,0,0
1544,1545,4278,3,1,3,1980,535320,1,0,0,0,0,1,1
1545,1546,1129,5,1,2,1992,458449,0,1,0,0,1,0,0
1546,1547,769,4,1,2,1993,587488,0,0,0,0,0,1,1
1547,1548,3139,5,2,3,1970,626563,0,0,0,0,0,0,1
1548,1549,2493,2,3,3,1996,519284,1,0,0,0,0,0,0
1549,1550,3391,2,1,1,1970,925433,1,0,0,0,0,0,1
1550,1551,3932,1,3,2,2021,726651,1,0,0,1,0,0,1
1551,1552,1780,1,2,3,1923,354592,0,0,0,0,1,0,1
1552,1553,2860,2,2,3,1910,998084,0,0,0,1,0,0,0
1553,1554,1075,5,1,1,1972,665973,0,0,1,0,0,1,1
1554,1555,1807,2,1,1,1911,464562,1,0,0,1,0,0,0
1555,1556,3692,1,4,3,1934,847051,0,0,1,0,1,0,1
1556,1557,3678,2,3,1,1962,679742,0,1,0,1,0,0,1
1557,1558,3234,2,1,3,1967,576054,0,0,1,0,0,0,1
1558,1559,2712,5,4,2,1999,839981,0,1,0,0,0,1,1
1559,1560,2852,4,3,1,1991,724053,0,1,0,0,0,1,1
1560,1561,4068,1,1,2,1956,505235,0,0,1,0,0,0,0
1561,1562,2155,5,4,2,1912,540674,1,0,0,0,0,0,0
1562,1563,2079,2,4,2,1922,830644,0,1,0,0,0,0,1
1563,1564,2703,2,3,3,1982,944370,1,0,0,0,1,0,0
1564,1565,1890,4,4,2,2005,964105,0,0,0,1,0,0,0
1565,1566,2242,1,3,2,2000,543496,0,1,0,0,0,1,1
1566,1567,2425,1,3,2,1938,884760,0,0,0,1,0,0,0
1567,1568,1119,3,3,3,1987,520917,0,0,1,0,0,0,0
1568,1569,1774,1,2,2,1979,270172,1,0,0,0,0,0,0
1569,1570,1456,4,4,2,1996,75301,0,0,1,1,0,0,0
1570,1571,2439,3,3,1,1911,619051,0,1,0,0,0,1,1
1571,1572,4453,3,1,3,1933,201837,0,0,0,0,1,0,0
1572,1573,2881,2,2,2,1970,881219,0,1,0,1,0,0,1
1573,1574,1468,2,2,1,1974,957107,0,0,1,0,0,0,1
1574,1575,1816,1,4,3,1930,57425,1,0,0,0,0,0,0
1575,1576,1543,3,3,3,1992,325001,1,0,0,0,1,0,1
1576,1577,781,2,4,3,1961,233843,0,1,0,1,0,0,0
1577,1578,3344,4,2,3,1912,405143,0,1,0,0,1,0,1
1578,1579,1558,2,3,3,1930,465660,0,0,0,0,1,0,0
1579,1580,4793,2,1,3,1901,833849,0,0,1,0,0,1,0
1580,1581,3032,3,3,2,2002,615745,0,1,0,0,0,1,1
1581,1582,4328,3,2,2,1914,545496,0,0,0,0,0,0,0
1582,1583,1508,5,1,2,1956,785101,0,1,0,1,0,0,0
1583,1584,1729,4,3,2,1974,443920,1,0,0,0,0,1,0
1584,1585,1535,3,1,1,1933,579740,0,0,0,0,0,0,0
1585,1586,775,1,1,2,2002,161153,0,0,0,1,0,0,1
1586,1587,3240,4,2,3,1967,875294,0,1,0,0,0,0,1
1587,1588,2789,4,1,2,1974,242543,0,0,1,0,0,1,1
1588,1589,1739,3,4,2,1928,529274,1,0,0,0,0,0,0
1589,1590,625,4,2,3,1965,330444,0,0,1,1,0,0,1
1590,1591,4565,3,4,2,1915,977070,0,0,0,1,0,0,0
1591,1592,4812,2,1,2,1938,450717,0,0,1,0,0,0,0
1592,1593,4368,5,4,2,1976,51845,0,0,0,1,0,0,0
1593,1594,1708,2,3,1,1936,169342,0,0,1,0,0,0,1
1594,1595,3749,3,1,2,1980,875613,0,1,0,1,0,0,1
1595,1596,1418,3,3,3,1920,500479,0,0,1,0,0,0,1
1596,1597,4423,2,4,3,1943,811654,0,0,0,0,0,0,1
1597,1598,4903,1,3,2,2023,813292,1,0,0,0,0,0,0
1598,1599,2469,1,1,2,1918,768398,1,0,0,0,1,0,1
1599,1600,3293,1,3,2,1970,298850,1,0,0,1,0,0,1
1600,1601,1391,3,4,3,2001,788650,0,0,0,0,0,1,1
1601,1602,4970,4,4,3,1907,297688,0,0,1,0,0,0,1
1602,1603,2533,3,4,1,1976,608692,1,0,0,0,1,0,0
1603,1604,1864,4,1,1,2000,596852,1,0,0,0,0,1,1
1604,1605,628,2,4,1,1965,672186,1,0,0,0,0,0,1
1605,1606,1514,5,1,3,1940,330371,0,1,0,0,0,1,1
1606,1607,2299,4,3,1,1974,570919,0,0,0,0,1,0,0
1607,1608,2018,1,4,2,1987,145259,0,0,0,0,0,1,1
1608,1609,4681,3,3,2,1969,174451,0,0,0,0,0,0,1
1609,1610,1698,2,2,3,1960,490691,0,0,0,0,0,1,1
1610,1611,4373,1,3,1,1925,67215,0,0,0,0,0,1,0
1611,1612,2974,2,2,2,1970,180577,0,1,0,0,0,0,0
1612,1613,3985,5,3,3,2020,832680,0,0,1,0,1,0,1
1613,1614,4549,3,1,1,2002,121074,0,1,0,0,1,0,1
1614,1615,4219,3,3,2,1982,989203,1,0,0,0,0,1,0
1615,1616,802,5,1,1,1969,682909,0,1,0,1,0,0,0
1616,1617,4452,3,1,3,2006,979958,0,0,0,0,0,1,0
1617,1618,1486,4,4,1,1928,753577,0,1,0,1,0,0,0
1618,1619,2363,2,1,3,2006,156759,0,0,0,0,0,1,0
1619,1620,4940,1,2,1,2002,178471,0,1,0,0,1,0,1
1620,1621,3572,5,4,2,1965,858143,0,0,0,0,0,1,1
1621,1622,3624,4,4,3,1918,458275,1,0,0,0,0,1,1
1622,1623,1827,1,3,3,1967,622686,0,0,0,1,0,0,1
1623,1624,2908,1,1,3,1957,837718,0,1,0,0,1,0,0
1624,1625,4173,5,1,1,1969,215369,1,0,0,1,0,0,0
1625,1626,3791,4,2,1,2012,682592,0,1,0,0,0,1,0
1626,1627,4533,1,3,2,1956,154959,1,0,0,0,0,0,0
1627,1628,1203,1,3,3,1936,289317,0,0,1,0,0,1,0
1628,1629,1074,4,4,3,1960,731845,0,0,1,0,0,1,1
1629,1630,3732,3,4,1,1991,372111,0,0,1,1,0,0,1
1630,1631,3132,1,4,1,1929,934235,0,1,0,0,0,0,1
1631,1632,4328,2,2,2,1970,179745,0,1,0,0,0,0,1
1632,1633,3730,4,2,2,1972,104583,1,0,0,1,0,0,1
1633,1634,988,1,4,1,1924,698365,1,0,0,0,1,0,0
1634,1635,1847,5,3,3,1996,494846,1,0,0,0,0,0,0
1635,1636,4181,2,2,2,1964,161359,1,0,0,0,0,0,0
1636,1637,3673,1,3,1,2014,601374,0,0,0,1,0,0,0
1637,1638,2167,2,3,1,1905,721844,0,0,1,0,1,0,0
1638,1639,2137,2,1,3,1917,773983,0,0,0,0,1,0,1
1639,1640,4614,3,4,1,1909,678420,0,0,0,0,0,1,1
1640,1641,4053,2,1,1,1991,565329,0,0,0,0,0,1,1
1641,1642,1500,3,4,2,1910,109263,0,0,0,1,0,0,0
1642,1643,1350,4,4,1,1996,724035,0,0,1,0,1,0,0
1643,1644,1888,3,3,1,1964,956587,0,0,0,1,0,0,0
1644,1645,4212,5,4,2,1976,110664,1,0,0,0,0,1,0
1645,1646,1867,1,3,3,2000,467896,0,1,0,1,0,0,1
1646,1647,1321,4,3,3,1983,984581,1,0,0,1,0,0,0
1647,1648,954,4,4,2,1964,956906,0,1,0,0,0,0,1
1648,1649,2124,5,3,2,1951,389112,1,0,0,0,0,0,0
1649,1650,3272,3,3,3,1966,970995,1,0,0,0,0,0,1
1650,1651,4226,1,3,3,1981,751486,0,1,0,0,0,1,0
1651,1652,3647,3,2,3,2004,817018,0,0,1,1,0,0,0
1652,1653,4589,2,3,3,1977,446608,0,0,0,0,0,0,1
1653,1654,2690,3,2,3,1930,505473,1,0,0,0,0,0,1
1654,1655,1416,4,2,2,1990,117804,0,0,1,0,0,0,0
1655,1656,4486,1,3,1,1916,874832,0,0,0,0,0,1,1
1656,1657,3375,3,3,3,1954,479767,0,0,1,0,0,1,0
1657,1658,1940,1,2,3,2009,864520,0,0,1,1,0,0,0
1658,1659,4900,1,2,1,1992,261087,0,0,0,1,0,0,1
1659,1660,1235,2,3,1,1935,992969,1,0,0,1,0,0,0
1660,1661,4068,2,3,1,2000,491371,0,0,1,0,0,0,0
1661,1662,3838,4,4,1,1925,137893,1,0,0,0,1,0,1
1662,1663,3515,5,2,1,1952,842401,1,0,0,0,0,1,0
1663,1664,3389,1,2,1,1916,58981,1,0,0,0,0,0,0
1664,1665,1461,5,4,2,1985,464248,0,0,0,0,0,0,0
1665,1666,3489,4,2,1,1924,366235,0,1,0,1,0,0,0
1666,1667,4348,1,1,1,1901,157154,1,0,0,1,0,0,1
1667,1668,1526,1,2,2,2018,336552,0,1,0,0,0,0,1
1668,1669,4365,5,4,1,1985,729601,0,1,0,0,0,1,1
1669,1670,3363,3,1,3,1904,884372,0,0,1,0,0,1,0
1670,1671,3001,2,3,3,1903,526154,1,0,0,0,0,0,1
1671,1672,2447,3,4,1,1935,756465,1,0,0,0,1,0,1
1672,1673,1677,5,4,2,1905,242122,1,0,0,0,1,0,1
1673,1674,511,2,3,3,2015,53657,0,1,0,0,0,1,0
1674,1675,4899,3,4,2,1920,857662,0,0,0,1,0,0,1
1675,1676,3864,2,2,3,1976,986184,0,1,0,0,1,0,1
1676,1677,3522,1,3,1,2017,263766,1,0,0,0,1,0,0
1677,1678,3871,3,4,2,2000,659019,1,0,0,1,0,0,0
1678,1679,3330,2,3,2,2018,223412,1,0,0,0,1,0,0
1679,1680,542,2,3,2,1988,741310,0,1,0,0,0,0,0
1680,1681,1443,2,3,3,1925,713227,1,0,0,0,1,0,0
1681,1682,2890,3,1,3,1954,783902,0,0,1,1,0,0,0
1682,1683,3045,4,4,3,1938,54329,1,0,0,0,0,0,1
1683,1684,2911,3,1,1,1983,348009,0,0,0,0,1,0,1
1684,1685,1504,5,4,3,1932,772300,0,0,1,0,0,1,0
1685,1686,520,3,2,1,1913,569897,1,0,0,0,0,0,0
1686,1687,906,2,2,2,1955,87869,0,0,1,0,0,0,1
1687,1688,1514,1,2,2,1999,247977,1,0,0,0,0,1,0
1688,1689,4931,3,4,1,1980,956617,0,0,0,0,0,1,0
1689,1690,2338,3,3,3,1920,548185,1,0,0,0,1,0,1
1690,1691,3688,2,3,1,1945,133984,0,0,1,0,1,0,0
1691,1692,1214,1,1,2,1915,961604,0,0,0,1,0,0,0
1692,1693,4646,1,1,2,2009,151069,0,1,0,1,0,0,1
1693,1694,4354,5,2,1,1915,298577,0,0,0,0,0,0,1
1694,1695,4919,3,1,3,2019,926143,0,0,0,0,0,1,1
1695,1696,640,1,4,3,1983,378396,0,0,0,0,0,1,1
1696,1697,1463,1,4,1,1928,391530,0,0,1,1,0,0,1
1697,1698,872,4,1,1,1991,168728,0,0,0,0,0,0,0
1698,1699,4135,4,1,3,1907,573846,1,0,0,0,0,0,0
1699,1700,3041,1,1,2,1987,969215,0,0,0,1,0,0,0
1700,1701,4110,5,1,1,1902,75801,0,0,0,1,0,0,0
1701,1702,2192,1,2,3,1988,792647,1,0,0,1,0,0,0
1702,1703,605,2,2,3,1918,809925,1,0,0,0,1,0,1
1703,1704,2181,3,1,2,1996,664997,0,1,0,0,0,0,0
1704,1705,4597,5,4,2,1965,365414,0,0,0,0,0,0,0
1705,1706,4516,2,2,2,1978,514838,0,0,1,0,0,0,0
1706,1707,3136,5,4,2,1985,891967,0,0,0,1,0,0,0
1707,1708,2637,2,3,2,2023,305560,0,0,0,1,0,0,0
1708,1709,3916,3,4,1,1973,818026,1,0,0,1,0,0,1
1709,1710,4945,3,1,3,1981,782119,0,1,0,1,0,0,0
1710,1711,4030,4,3,1,1921,66220,0,0,0,0,0,1,0
1711,1712,1786,2,2,1,1945,325536,0,0,1,1,0,0,0
1712,1713,3679,4,2,1,2012,528803,0,0,0,0,1,0,0
1713,1714,4154,2,3,1,1990,445462,0,0,1,0,0,1,0
1714,1715,2859,4,4,1,1912,332154,1,0,0,0,0,1,0
1715,1716,944,3,2,2,1932,176951,0,1,0,1,0,0,1
1716,1717,535,5,1,2,1904,380502,0,0,0,0,0,0,0
1717,1718,1975,4,3,3,1989,533419,0,1,0,1,0,0,1
1718,1719,4457,2,1,1,1976,198306,0,0,0,0,0,0,1
1719,1720,2298,2,3,3,1926,932622,0,0,1,1,0,0,0
1720,1721,2345,3,2,2,2020,690083,0,1,0,1,0,0,0
1721,1722,1908,2,4,2,1977,492667,0,0,0,0,0,0,0
1722,1723,2208,1,3,2,1923,959222,1,0,0,0,0,0,1
1723,1724,3438,5,3,1,1966,175223,0,0,1,0,0,0,0
1724,1725,1800,4,1,1,2010,572886,0,1,0,0,0,0,0
1725,1726,1743,5,2,2,2014,649493,0,0,0,0,1,0,0
1726,1727,4476,3,1,3,1962,465000,0,1,0,0,0,0,1
1727,1728,3597,4,2,3,2012,997176,0,0,0,1,0,0,1
1728,1729,509,4,1,2,1993,51082,0,0,1,1,0,0,0
1729,1730,2925,1,3,3,1998,454364,1,0,0,0,1,0,1
1730,1731,2160,3,1,2,1947,208566,0,0,1,0,0,0,0
1731,1732,3131,2,4,3,1962,911525,0,1,0,1,0,0,1
1732,1733,1572,1,2,2,1977,364096,0,1,0,0,1,0,0
1733,1734,3725,1,2,3,1911,86719,0,0,0,1,0,0,1
1734,1735,1816,5,3,1,1927,98737,0,0,1,0,1,0,0
1735,1736,4645,5,2,2,1943,502669,0,0,0,0,1,0,0
1736,1737,4183,5,4,2,1992,157271,0,0,1,0,0,1,1
1737,1738,3773,1,1,3,1942,744896,0,1,0,0,0,1,1
1738,1739,645,2,3,2,1916,231676,0,0,0,0,0,0,1
1739,1740,3540,4,4,2,1939,494049,0,0,0,0,0,1,1
1740,1741,1962,5,2,2,1948,981543,0,0,1,0,1,0,1
1741,1742,2084,2,2,1,1984,642127,1,0,0,1,0,0,0
1742,1743,982,3,4,1,1956,884363,0,0,1,1,0,0,0
1743,1744,3679,5,1,3,1986,352069,1,0,0,0,0,0,1
1744,1745,1749,4,1,1,1983,232075,0,0,1,0,0,1,0
1745,1746,1130,3,3,3,1963,492113,0,1,0,0,0,0,0
1746,1747,1161,3,2,1,1974,137745,0,0,0,0,1,0,1
1747,1748,4003,4,4,3,1956,176298,0,0,1,0,0,1,0
1748,1749,3352,5,1,1,2020,667997,0,1,0,0,0,0,0
1749,1750,2966,1,3,1,1997,354431,0,0,1,1,0,0,1
1750,1751,1487,4,2,3,1973,796086,0,0,0,1,0,0,1
1751,1752,2046,4,2,2,1973,476228,0,0,1,0,0,0,0
1752,1753,1149,4,3,2,2006,681540,1,0,0,0,0,0,1
1753,1754,1468,3,3,1,2023,747143,0,0,0,0,0,0,0
1754,1755,3137,2,1,3,1969,421467,1,0,0,0,1,0,1
1755,1756,1600,1,4,2,1999,511531,0,1,0,0,1,0,1
1756,1757,940,5,2,3,1987,789126,0,1,0,1,0,0,1
1757,1758,1269,5,4,2,1975,489707,0,0,1,0,1,0,1
1758,1759,1843,2,2,3,1942,270013,1,0,0,0,1,0,0
1759,1760,4858,4,2,1,2018,501800,1,0,0,0,0,1,1
1760,1761,4229,1,4,3,1922,849235,0,0,0,0,1,0,1
1761,1762,4406,5,3,2,1926,230697,1,0,0,0,0,1,0
1762,1763,2077,5,1,1,1957,693107,1,0,0,0,1,0,0
1763,1764,4508,4,2,3,2020,929793,0,0,0,1,0,0,0
1764,1765,3851,2,3,2,2008,63698,0,0,0,0,0,0,0
1765,1766,2849,1,2,1,1936,65376,1,0,0,1,0,0,1
1766,1767,4102,2,1,3,1905,526870,0,0,1,0,1,0,0
1767,1768,1741,2,2,2,1964,325261,0,0,0,0,0,0,1
1768,1769,1625,1,1,3,1905,286591,0,0,0,0,0,0,0
1769,1770,3101,1,1,3,1949,481172,1,0,0,0,0,0,1
1770,1771,1690,5,2,1,1921,98786,1,0,0,0,0,1,0
1771,1772,4631,5,2,1,2004,687293,0,0,0,1,0,0,1
1772,1773,4948,1,1,2,1987,268850,1,0,0,0,0,1,1
1773,1774,572,3,3,1,1924,378624,0,0,0,0,0,0,0
1774,1775,2414,5,4,2,1978,737055,0,0,1,1,0,0,1
1775,1776,2972,3,1,3,1989,969015,0,0,1,1,0,0,1
1776,1777,3546,1,2,3,1971,889665,0,0,0,0,1,0,1
1777,1778,1207,5,2,2,1950,423166,0,0,0,0,0,1,1
1778,1779,2304,2,3,3,1987,465718,0,1,0,0,0,1,0
1779,1780,4213,1,4,1,1947,493226,0,1,0,0,1,0,1
1780,1781,3064,4,1,3,2001,142529,1,0,0,0,0,1,1
1781,1782,2975,3,1,1,1969,517121,1,0,0,0,0,0,0
1782,1783,4110,1,4,2,2017,815784,0,0,0,0,0,0,0
1783,1784,4755,1,1,2,1998,489705,0,0,0,0,0,1,0
1784,1785,3323,5,4,3,2005,675207,0,1,0,0,1,0,1
1785,1786,2235,5,2,3,1964,919965,0,1,0,1,0,0,1
1786,1787,2085,5,4,1,1959,524381,0,0,0,0,0,1,0
1787,1788,566,4,1,1,1945,999453,0,0,1,1,0,0,1
1788,1789,3561,5,4,3,1935,522803,0,0,1,0,1,0,0
1789,1790,2928,1,3,3,1957,536275,1,0,0,1,0,0,1
1790,1791,4653,5,2,2,1975,772670,0,0,0,0,1,0,0
1791,1792,841,2,2,2,1937,259870,0,0,0,0,1,0,1
1792,1793,3274,5,4,2,1910,643695,1,0,0,0,0,0,0
1793,1794,3317,4,1,3,1911,648097,0,1,0,0,0,0,1
1794,1795,3161,2,3,3,1941,329373,0,1,0,0,1,0,0
1795,1796,1732,1,2,3,2013,994889,0,0,1,0,0,1,1
1796,1797,4374,1,2,2,1938,616464,0,0,0,0,0,0,1
1797,1798,2901,3,1,3,1970,669113,0,1,0,0,1,0,1
1798,1799,1994,2,1,1,1910,970764,0,0,1,1,0,0,0
1799,1800,4711,3,3,3,1935,147555,0,0,1,1,0,0,1
1800,1801,1161,2,4,3,1951,577433,0,0,1,0,0,1,1
1801,1802,4383,2,1,3,1930,147289,0,1,0,1,0,0,1
1802,1803,4119,4,4,3,1932,713162,0,1,0,1,0,0,0
1803,1804,2368,3,3,3,1912,838695,0,0,0,0,1,0,1
1804,1805,2834,4,4,1,1917,470129,0,0,0,1,0,0,0
1805,1806,3874,2,2,1,1940,107788,0,0,1,1,0,0,1
1806,1807,1516,1,4,3,1957,713515,0,0,1,1,0,0,0
1807,1808,4906,2,3,2,1955,706282,0,1,0,1,0,0,0
1808,1809,707,4,3,3,1923,777591,0,1,0,0,1,0,1
1809,1810,3165,3,3,3,1972,201744,0,0,0,1,0,0,0
1810,1811,2993,3,4,3,1930,219598,0,0,0,0,0,1,0
1811,1812,1132,4,2,2,1954,881776,1,0,0,0,0,0,1
1812,1813,2602,3,1,2,2004,959251,0,0,0,0,0,1,0
1813,1814,3459,5,2,2,1909,462230,0,1,0,0,0,0,0
1814,1815,3583,1,4,1,1959,647640,0,0,1,0,0,1,0
1815,1816,2431,1,4,2,1901,534495,1,0,0,0,0,0,0
1816,1817,4219,1,1,1,2001,352468,0,0,0,0,0,0,1
1817,1818,3062,3,4,1,1914,557745,0,0,0,0,0,0,0
1818,1819,2179,3,3,2,1902,930507,0,1,0,0,0,0,0
1819,1820,736,2,3,2,1942,276710,1,0,0,0,1,0,1
1820,1821,4943,2,3,2,1930,744058,0,0,0,0,0,1,1
1821,1822,2040,1,3,1,1969,913601,0,0,1,0,0,0,0
1822,1823,4443,5,3,3,1966,859816,0,1,0,0,0,1,1
1823,1824,863,2,4,2,1955,577800,1,0,0,1,0,0,1
1824,1825,2868,2,1,2,1962,973570,0,0,0,0,0,0,1
1825,1826,785,3,1,2,1974,736860,0,0,0,0,0,1,1
1826,1827,648,5,3,1,1914,173775,1,0,0,0,1,0,1
1827,1828,4537,1,4,1,2008,128743,0,1,0,0,0,1,1
1828,1829,2266,2,2,3,2015,397786,1,0,0,0,0,0,1
1829,1830,1512,5,2,2,1991,441731,1,0,0,1,0,0,1
1830,1831,3331,5,4,1,1909,654146,0,1,0,0,0,1,1
1831,1832,3007,1,3,3,1937,629088,0,0,0,1,0,0,0
1832,1833,2023,5,1,2,1946,506356,0,0,1,0,1,0,0
1833,1834,3285,5,4,1,1956,674652,0,1,0,0,0,1,0
1834,1835,3056,5,2,2,1949,555533,0,0,1,0,0,1,0
1835,1836,4225,2,2,2,2013,314531,0,0,0,0,1,0,0
1836,1837,2101,1,2,1,1970,237232,1,0,0,0,1,0,1
1837,1838,2908,5,3,1,1914,778927,0,0,1,0,1,0,1
1838,1839,840,5,2,1,1917,182871,0,0,0,0,0,0,0
1839,1840,3317,2,4,2,1981,169095,0,0,0,0,0,0,0
1840,1841,2996,1,4,2,2015,609836,1,0,0,0,0,1,1
1841,1842,2225,3,2,3,2004,140450,1,0,0,0,0,1,0
1842,1843,2189,2,4,2,1987,679957,0,0,0,0,0,1,1
1843,1844,3767,1,2,1,1901,916603,0,0,0,1,0,0,0
1844,1845,4906,5,2,2,2003,483595,0,0,1,0,1,0,1
1845,1846,761,1,1,3,1983,357558,0,0,0,0,0,1,0
1846,1847,1942,1,3,3,1997,647359,0,0,0,0,1,0,1
1847,1848,905,1,3,1,1942,687096,0,0,1,0,0,0,0
1848,1849,2690,3,1,1,1925,550884,0,1,0,0,1,0,0
1849,1850,4937,1,1,3,1970,128591,0,0,1,1,0,0,1
1850,1851,743,3,3,3,1937,798501,0,0,1,1,0,0,1
1851,1852,4607,5,2,3,1993,316441,1,0,0,0,1,0,0
1852,1853,1060,3,2,1,1941,683801,0,0,1,1,0,0,0
1853,1854,4637,5,3,3,1904,965100,0,0,0,1,0,0,1
1854,1855,3225,5,2,3,1910,922911,0,0,0,0,0,0,1
1855,1856,1093,3,1,1,1964,148752,0,0,0,0,0,1,1
1856,1857,2326,2,2,2,1933,186080,0,1,0,1,0,0,0
1857,1858,3729,4,2,2,2019,267885,0,0,0,0,0,1,0
1858,1859,3787,1,4,3,1900,427625,0,1,0,0,1,0,1
1859,1860,4573,4,4,2,1982,197892,0,0,0,0,1,0,0
1860,1861,633,1,4,2,1901,514764,0,0,1,1,0,0,0
1861,1862,3638,1,2,2,1984,203325,1,0,0,0,1,0,1
1862,1863,4419,5,3,2,1919,472418,0,0,0,0,0,0,0
1863,1864,572,1,1,3,1960,996740,0,1,0,1,0,0,1
1864,1865,4994,1,2,2,1986,641444,0,1,0,1,0,0,1
1865,1866,4725,3,3,2,1920,817248,1,0,0,1,0,0,0
1866,1867,3478,4,2,1,1987,110263,0,0,0,0,1,0,0
1867,1868,4861,3,1,3,1967,955428,0,0,1,0,1,0,1
1868,1869,2485,1,2,1,1911,673540,0,0,0,1,0,0,1
1869,1870,1292,5,1,1,1921,168632,0,0,0,0,0,1,1
1870,1871,4759,3,2,3,1919,911287,1,0,0,0,1,0,0
1871,1872,594,3,1,2,1981,66575,0,0,0,0,1,0,1
1872,1873,1633,2,2,1,1900,324348,0,0,1,1,0,0,1
1873,1874,737,1,1,3,1929,61952,0,1,0,0,0,1,1
1874,1875,3446,5,4,2,1996,569826,1,0,0,1,0,0,1
1875,1876,3030,3,2,3,1923,133323,0,0,1,0,1,0,0
1876,1877,2460,3,2,1,1913,756502,0,1,0,1,0,0,0
1877,1878,1548,5,3,2,1935,214944,1,0,0,1,0,0,1
1878,1879,3029,1,3,2,1968,734736,1,0,0,1,0,0,0
1879,1880,3464,2,1,3,1974,771444,0,1,0,0,0,1,0
1880,1881,1463,3,2,2,1923,192712,0,1,0,1,0,0,0
1881,1882,1036,2,1,1,1959,338581,0,0,1,0,1,0,1
1882,1883,4723,4,4,1,1994,177129,0,0,0,1,0,0,0
1883,1884,4179,1,3,1,1954,924113,0,0,0,0,0,1,0
1884,1885,4687,4,1,3,1976,828810,0,0,0,0,0,0,1
1885,1886,4224,4,1,2,1979,582191,0,0,0,0,0,1,1
1886,1887,1042,4,3,2,1923,264776,0,0,0,1,0,0,0
1887,1888,1345,1,2,2,1976,601151,0,0,1,0,0,0,0
1888,1889,4103,1,1,1,1923,355525,1,0,0,1,0,0,1
1889,1890,3536,5,3,2,1953,864980,0,0,1,0,0,1,1
1890,1891,2994,2,2,1,1925,493172,0,0,1,0,0,0,1
1891,1892,4985,2,4,2,1965,585755,0,0,1,0,0,0,1
1892,1893,3219,5,3,1,1979,370098,1,0,0,1,0,0,0
1893,1894,2384,5,1,2,1937,336045,0,0,1,1,0,0,1
1894,1895,4638,4,4,3,2009,859733,0,0,1,0,0,1,0
1895,1896,4849,5,2,3,1964,961118,1,0,0,1,0,0,0
1896,1897,3701,3,2,1,2012,807902,0,0,1,0,0,0,0
1897,1898,3210,2,3,1,1974,921612,0,0,0,0,1,0,1
1898,1899,2453,5,3,2,1950,644191,0,1,0,0,1,0,1
1899,1900,4350,3,3,2,1934,416099,0,0,1,0,0,1,0
1900,1901,1189,3,2,3,1942,983708,0,1,0,1,0,0,0
1901,1902,2450,3,4,2,1928,594043,0,0,1,0,0,1,0
1902,1903,956,3,2,1,1936,371961,0,0,1,0,1,0,0
1903,1904,2630,4,1,1,1980,838525,0,0,0,0,1,0,0
1904,1905,4476,3,2,1,1957,306094,1,0,0,1,0,0,1
1905,1906,4744,4,1,1,1953,512753,0,1,0,0,0,0,1
1906,1907,1679,4,4,1,1938,932751,1,0,0,1,0,0,1
1907,1908,4785,3,3,3,1941,335084,0,0,0,0,1,0,0
1908,1909,4065,2,3,3,1927,749400,0,0,0,0,0,0,0
1909,1910,1382,3,2,1,1928,703002,0,1,0,0,0,1,1
1910,1911,899,3,3,2,1942,141544,1,0,0,0,1,0,1
1911,1912,1108,3,4,1,1902,658725,0,0,0,0,0,1,0
1912,1913,2138,2,3,3,2015,405113,0,0,1,0,0,0,1
1913,1914,2648,1,2,1,1909,157001,0,0,1,0,0,1,1
1914,1915,1882,1,4,3,1958,137725,0,0,1,0,1,0,1
1915,1916,1903,4,1,3,2005,427928,1,0,0,1,0,0,0
1916,1917,1319,4,2,1,1913,160675,0,0,1,0,0,1,0
1917,1918,3792,2,1,1,1975,144266,0,0,1,0,1,0,1
1918,1919,1319,5,4,2,1946,321380,0,0,0,0,1,0,0
1919,1920,919,1,2,3,1941,909029,0,0,0,0,0,0,1
1920,1921,4719,4,2,2,1993,265196,0,0,1,0,1,0,1
1921,1922,3802,1,4,1,1931,184974,0,0,1,1,0,0,0
1922,1923,2008,2,3,3,1931,673944,0,0,0,1,0,0,0
1923,1924,1267,2,2,2,1941,346508,0,1,0,0,0,1,0
1924,1925,2544,5,2,2,1931,681359,1,0,0,0,0,1,1
1925,1926,2639,5,1,2,1925,406554,1,0,0,0,0,1,1
1926,1927,3529,2,3,1,2014,201168,0,0,0,0,0,1,1
1927,1928,2049,4,1,1,1900,193092,1,0,0,1,0,0,0
1928,1929,2264,1,1,1,1955,632761,0,0,0,0,0,0,1
1929,1930,3145,3,3,3,2021,291472,0,0,0,0,0,1,1
1930,1931,4216,5,3,1,2005,356297,0,0,0,0,0,0,1
1931,1932,4981,3,4,3,1901,222349,0,0,0,0,1,0,1
1932,1933,2793,4,3,2,1980,350646,0,1,0,0,1,0,0
1933,1934,3208,5,2,2,1929,65675,0,0,1,0,0,1,0
1934,1935,1400,3,3,1,2019,991869,0,0,1,0,1,0,0
1935,1936,3584,4,4,2,2002,168384,0,1,0,0,0,0,1
1936,1937,2509,1,4,1,1970,128229,1,0,0,0,0,0,1
1937,1938,741,4,4,3,1951,663337,1,0,0,0,1,0,1
1938,1939,2885,5,3,2,1990,757508,0,0,1,0,0,1,0
1939,1940,4768,2,3,1,1908,401301,1,0,0,0,0,0,0
1940,1941,1171,1,1,2,1921,270319,0,0,1,0,0,0,0
1941,1942,663,3,1,2,1933,679999,0,0,1,1,0,0,0
1942,1943,964,5,2,1,2009,684378,0,1,0,0,0,1,0
1943,1944,3542,2,1,2,1948,929753,1,0,0,1,0,0,1
1944,1945,2942,4,2,2,1900,776262,0,1,0,0,1,0,0
1945,1946,2855,2,4,2,1972,862897,0,0,1,0,1,0,0
1946,1947,4778,5,1,2,1983,868718,0,0,1,1,0,0,0
1947,1948,3057,5,3,3,1952,104795,0,0,1,0,0,1,1
1948,1949,1045,2,1,2,1982,420283,0,0,0,0,0,0,0
1949,1950,4335,4,2,2,1999,784543,0,0,0,0,1,0,0
1950,1951,1093,2,1,1,2023,153845,0,0,0,0,0,1,0
1951,1952,4304,5,4,3,1939,362130,0,1,0,0,0,1,1
1952,1953,1959,5,3,1,1944,387540,0,0,1,0,1,0,1
1953,1954,3993,3,2,1,1967,891610,1,0,0,0,1,0,0
1954,1955,3101,3,3,1,1908,847177,0,1,0,0,0,1,0
1955,1956,2944,1,3,3,2004,828520,0,1,0,0,0,0,0
1956,1957,3172,5,2,1,1921,303730,0,1,0,1,0,0,0
1957,1958,4700,3,3,1,1917,253426,1,0,0,0,1,0,1
1958,1959,516,2,3,1,1975,916069,0,0,1,1,0,0,0
1959,1960,3691,4,1,2,2005,972532,0,0,0,0,0,1,1
1960,1961,892,2,3,1,1942,279333,0,0,1,1,0,0,0
1961,1962,924,4,3,3,1938,622854,0,0,1,0,0,0,1
1962,1963,1071,3,3,3,1972,880154,0,1,0,0,0,1,1
1963,1964,4131,1,3,2,1905,923055,0,1,0,0,0,0,0
1964,1965,1620,2,2,3,1982,423218,0,1,0,0,0,1,1
1965,1966,741,2,4,3,1947,649262,0,0,0,0,0,0,0
1966,1967,4397,2,1,2,2010,526908,0,0,0,0,0,1,1
1967,1968,4595,4,3,1,1906,396228,0,0,0,0,0,0,1
1968,1969,2779,3,3,2,1979,220951,0,0,1,0,0,1,0
1969,1970,1288,2,2,1,1968,467983,0,1,0,0,0,0,0
1970,1971,1214,2,4,1,1915,298595,1,0,0,0,0,1,1
1971,1972,3349,1,3,3,1900,953785,0,0,1,0,0,0,1
1972,1973,1275,1,2,2,2014,678705,0,0,0,0,1,0,0
1973,1974,4526,3,1,3,1936,904531,1,0,0,1,0,0,0
1974,1975,2747,3,1,3,2002,229729,1,0,0,0,0,1,0
1975,1976,578,5,3,1,1982,189570,0,1,0,0,0,0,1
1976,1977,4426,1,3,3,2017,254739,1,0,0,0,1,0,0
1977,1978,1355,5,4,2,1936,337251,0,0,0,0,0,1,0
1978,1979,2648,4,4,3,1980,734153,0,1,0,0,0,1,1
1979,1980,1531,5,3,3,1963,970200,1,0,0,0,0,1,0
1980,1981,3771,2,2,1,1989,890271,0,1,0,1,0,0,0
1981,1982,4076,5,4,2,1985,663529,1,0,0,0,0,0,0
1982,1983,4682,3,3,3,1961,597685,0,0,1,0,0,0,0
1983,1984,3956,4,4,1,1971,581992,0,0,1,0,0,1,1
1984,1985,4006,2,3,3,1960,852874,0,0,0,0,0,1,0
1985,1986,907,5,1,2,1932,769148,0,0,1,0,0,1,0
1986,1987,3211,4,3,3,1965,179576,0,0,1,0,1,0,0
1987,1988,3588,4,1,3,1929,59765,0,0,1,0,0,1,0
1988,1989,2168,2,4,1,2010,427972,1,0,0,1,0,0,0
1989,1990,647,5,3,3,1919,60002,1,0,0,0,0,0,0
1990,1991,4827,4,4,1,1959,834141,0,1,0,1,0,0,1
1991,1992,4397,4,1,2,1981,847822,1,0,0,0,0,1,1
1992,1993,2450,1,3,3,2006,225508,0,0,1,0,1,0,1
1993,1994,865,4,4,2,2020,308446,1,0,0,0,0,1,0
1994,1995,2174,1,1,2,1973,527698,0,0,0,0,0,1,0
1995,1996,4994,5,4,3,1923,295620,0,1,0,0,0,1,0
1996,1997,3046,5,2,1,2019,580929,0,1,0,0,0,1,1
1997,1998,1062,5,1,2,1903,476925,1,0,0,0,0,1,0
1998,1999,4062,3,1,2,1936,161119,0,0,1,0,0,0,1
1999,2000,2989,5,1,3,1903,482525,0,1,0,1,0,0,0
